<?xml version="1.0"?>
<opencv_storage>
<cascade>
  <stageType>BOOST</stageType>
  <featureType>HAAR</featureType>
  <height>60</height>
  <width>30</width>
  <stageParams>
    <boostType>GAB</boostType>
    <minHitRate>9.9900001287460327e-01</minHitRate>
    <maxFalseAlarm>5.0000000000000000e-01</maxFalseAlarm>
    <weightTrimRate>9.4999999999999996e-01</weightTrimRate>
    <maxDepth>1</maxDepth>
    <maxWeakCount>100</maxWeakCount></stageParams>
  <featureParams>
    <maxCatCount>0</maxCatCount>
    <featSize>1</featSize>
    <mode>BASIC</mode></featureParams>
  <stageNum>14</stageNum>
  <stages>
    <!-- stage 0 -->
    <_>
      <maxWeakCount>3</maxWeakCount>
      <stageThreshold>-1.0328637361526489e+00</stageThreshold>
      <weakClassifiers>
        <_>
          <internalNodes>
            0 -1 13 -3.7384957075119019e-02</internalNodes>
          <leafValues>
            8.4085160493850708e-01 -9.7182142734527588e-01</leafValues></_>
        <_>
          <internalNodes>
            0 -1 15 -4.0855847299098969e-02</internalNodes>
          <leafValues>
            7.8398865461349487e-01 -9.5837944746017456e-01</leafValues></_>
        <_>
          <internalNodes>
            0 -1 49 -2.8864441439509392e-02</internalNodes>
          <leafValues>
            8.9733719825744629e-01 -7.8300100564956665e-01</leafValues></_></weakClassifiers></_>
    <!-- stage 1 -->
    <_>
      <maxWeakCount>3</maxWeakCount>
      <stageThreshold>-8.6711019277572632e-01</stageThreshold>
      <weakClassifiers>
        <_>
          <internalNodes>
            0 -1 38 -7.1499846875667572e-02</internalNodes>
          <leafValues>
            7.6504147052764893e-01 -9.3185812234878540e-01</leafValues></_>
        <_>
          <internalNodes>
            0 -1 16 9.2734526842832565e-03</internalNodes>
          <leafValues>
            -7.9357212781906128e-01 8.4867012500762939e-01</leafValues></_>
        <_>
          <internalNodes>
            0 -1 21 3.1482331454753876e-02</internalNodes>
          <leafValues>
            -7.7164524793624878e-01 8.5831999778747559e-01</leafValues></_></weakClassifiers></_>
    <!-- stage 2 -->
    <_>
      <maxWeakCount>3</maxWeakCount>
      <stageThreshold>-1.0038187503814697e+00</stageThreshold>
      <weakClassifiers>
        <_>
          <internalNodes>
            0 -1 20 -2.5319857522845268e-02</internalNodes>
          <leafValues>
            8.1623524427413940e-01 -9.0077984333038330e-01</leafValues></_>
        <_>
          <internalNodes>
            0 -1 11 -2.5611756369471550e-02</internalNodes>
          <leafValues>
            5.9376430511474609e-01 -9.6321982145309448e-01</leafValues></_>
        <_>
          <internalNodes>
            0 -1 51 -3.0898470431566238e-02</internalNodes>
          <leafValues>
            8.6097687482833862e-01 -6.9680327177047729e-01</leafValues></_></weakClassifiers></_>
    <!-- stage 3 -->
    <_>
      <maxWeakCount>4</maxWeakCount>
      <stageThreshold>-1.7774738073348999e+00</stageThreshold>
      <weakClassifiers>
        <_>
          <internalNodes>
            0 -1 48 1.5672853216528893e-02</internalNodes>
          <leafValues>
            -8.6603516340255737e-01 7.6247662305831909e-01</leafValues></_>
        <_>
          <internalNodes>
            0 -1 27 -2.6764428243041039e-02</internalNodes>
          <leafValues>
            8.6218404769897461e-01 -7.2635769844055176e-01</leafValues></_>
        <_>
          <internalNodes>
            0 -1 58 -1.7019215971231461e-02</internalNodes>
          <leafValues>
            7.2710549831390381e-01 -7.3266714811325073e-01</leafValues></_>
        <_>
          <internalNodes>
            0 -1 25 -3.8495983928442001e-02</internalNodes>
          <leafValues>
            5.4758626222610474e-01 -9.7307151556015015e-01</leafValues></_></weakClassifiers></_>
    <!-- stage 4 -->
    <_>
      <maxWeakCount>4</maxWeakCount>
      <stageThreshold>-1.7220124006271362e+00</stageThreshold>
      <weakClassifiers>
        <_>
          <internalNodes>
            0 -1 40 -1.7303179949522018e-02</internalNodes>
          <leafValues>
            7.6714897155761719e-01 -8.6368227005004883e-01</leafValues></_>
        <_>
          <internalNodes>
            0 -1 59 1.9494816660881042e-02</internalNodes>
          <leafValues>
            -9.0982627868652344e-01 5.7706958055496216e-01</leafValues></_>
        <_>
          <internalNodes>
            0 -1 37 7.4091311544179916e-03</internalNodes>
          <leafValues>
            -5.6768286228179932e-01 8.8858264684677124e-01</leafValues></_>
        <_>
          <internalNodes>
            0 -1 50 -2.5354180485010147e-02</internalNodes>
          <leafValues>
            6.1917901039123535e-01 -7.7567350864410400e-01</leafValues></_></weakClassifiers></_>
    <!-- stage 5 -->
    <_>
      <maxWeakCount>5</maxWeakCount>
      <stageThreshold>-1.2015813589096069e+00</stageThreshold>
      <weakClassifiers>
        <_>
          <internalNodes>
            0 -1 43 -6.3994824886322021e-02</internalNodes>
          <leafValues>
            9.2562568187713623e-01 -6.0243147611618042e-01</leafValues></_>
        <_>
          <internalNodes>
            0 -1 6 -6.5991267561912537e-02</internalNodes>
          <leafValues>
            5.4072022438049316e-01 -9.3550044298171997e-01</leafValues></_>
        <_>
          <internalNodes>
            0 -1 4 4.9429163336753845e-02</internalNodes>
          <leafValues>
            -6.0654032230377197e-01 7.9044902324676514e-01</leafValues></_>
        <_>
          <internalNodes>
            0 -1 55 2.2868297994136810e-02</internalNodes>
          <leafValues>
            -8.2244193553924561e-01 5.2577120065689087e-01</leafValues></_>
        <_>
          <internalNodes>
            0 -1 52 3.4540034830570221e-02</internalNodes>
          <leafValues>
            -9.1236323118209839e-01 4.1711968183517456e-01</leafValues></_></weakClassifiers></_>
    <!-- stage 6 -->
    <_>
      <maxWeakCount>5</maxWeakCount>
      <stageThreshold>-1.3753638267517090e+00</stageThreshold>
      <weakClassifiers>
        <_>
          <internalNodes>
            0 -1 39 -2.7660828083753586e-02</internalNodes>
          <leafValues>
            7.6146787405014038e-01 -8.7221747636795044e-01</leafValues></_>
        <_>
          <internalNodes>
            0 -1 53 -3.6843333393335342e-02</internalNodes>
          <leafValues>
            5.8116644620895386e-01 -7.6058506965637207e-01</leafValues></_>
        <_>
          <internalNodes>
            0 -1 34 -1.5659455209970474e-02</internalNodes>
          <leafValues>
            5.8467066287994385e-01 -7.4062031507492065e-01</leafValues></_>
        <_>
          <internalNodes>
            0 -1 66 -1.1115651577711105e-03</internalNodes>
          <leafValues>
            3.6678200960159302e-01 -9.2304801940917969e-01</leafValues></_>
        <_>
          <internalNodes>
            0 -1 61 5.1704277284443378e-03</internalNodes>
          <leafValues>
            -5.4047626256942749e-01 6.3127708435058594e-01</leafValues></_></weakClassifiers></_>
    <!-- stage 7 -->
    <_>
      <maxWeakCount>5</maxWeakCount>
      <stageThreshold>-1.2112408876419067e+00</stageThreshold>
      <weakClassifiers>
        <_>
          <internalNodes>
            0 -1 35 1.6034714877605438e-02</internalNodes>
          <leafValues>
            -6.0211080312728882e-01 8.8534158468246460e-01</leafValues></_>
        <_>
          <internalNodes>
            0 -1 46 -3.6951385438442230e-02</internalNodes>
          <leafValues>
            6.8549764156341553e-01 -6.1783099174499512e-01</leafValues></_>
        <_>
          <internalNodes>
            0 -1 14 -3.2788269221782684e-02</internalNodes>
          <leafValues>
            5.6668388843536377e-01 -6.9526189565658569e-01</leafValues></_>
        <_>
          <internalNodes>
            0 -1 0 -5.0538577139377594e-02</internalNodes>
          <leafValues>
            3.8789340853691101e-01 -9.1327172517776489e-01</leafValues></_>
        <_>
          <internalNodes>
            0 -1 9 3.1386143527925014e-03</internalNodes>
          <leafValues>
            -9.2241984605789185e-01 3.5528880357742310e-01</leafValues></_></weakClassifiers></_>
    <!-- stage 8 -->
    <_>
      <maxWeakCount>6</maxWeakCount>
      <stageThreshold>-1.5397180318832397e+00</stageThreshold>
      <weakClassifiers>
        <_>
          <internalNodes>
            0 -1 43 -6.5430834889411926e-02</internalNodes>
          <leafValues>
            8.2046556472778320e-01 -5.7901817560195923e-01</leafValues></_>
        <_>
          <internalNodes>
            0 -1 41 2.4680341593921185e-03</internalNodes>
          <leafValues>
            -5.6627732515335083e-01 6.9163376092910767e-01</leafValues></_>
        <_>
          <internalNodes>
            0 -1 63 1.0919320629909635e-03</internalNodes>
          <leafValues>
            -9.1983067989349365e-01 4.2212870717048645e-01</leafValues></_>
        <_>
          <internalNodes>
            0 -1 29 8.4803598001599312e-03</internalNodes>
          <leafValues>
            -4.5879212021827698e-01 8.6930423974990845e-01</leafValues></_>
        <_>
          <internalNodes>
            0 -1 12 -3.8512028753757477e-02</internalNodes>
          <leafValues>
            4.1943219304084778e-01 -9.0676969289779663e-01</leafValues></_>
        <_>
          <internalNodes>
            0 -1 45 -3.7010662257671356e-02</internalNodes>
          <leafValues>
            5.4901063442230225e-01 -6.5266042947769165e-01</leafValues></_></weakClassifiers></_>
    <!-- stage 9 -->
    <_>
      <maxWeakCount>5</maxWeakCount>
      <stageThreshold>-1.2763242721557617e+00</stageThreshold>
      <weakClassifiers>
        <_>
          <internalNodes>
            0 -1 26 -1.5754565596580505e-02</internalNodes>
          <leafValues>
            6.7343151569366455e-01 -7.6410430669784546e-01</leafValues></_>
        <_>
          <internalNodes>
            0 -1 57 -3.3302176743745804e-02</internalNodes>
          <leafValues>
            7.4049681425094604e-01 -5.5391502380371094e-01</leafValues></_>
        <_>
          <internalNodes>
            0 -1 24 -3.1955465674400330e-02</internalNodes>
          <leafValues>
            3.8601335883140564e-01 -9.5531612634658813e-01</leafValues></_>
        <_>
          <internalNodes>
            0 -1 17 1.0490636341273785e-02</internalNodes>
          <leafValues>
            -6.7940568923950195e-01 5.8661687374114990e-01</leafValues></_>
        <_>
          <internalNodes>
            0 -1 47 5.1888581365346909e-03</internalNodes>
          <leafValues>
            -7.9203242063522339e-01 3.8200503587722778e-01</leafValues></_></weakClassifiers></_>
    <!-- stage 10 -->
    <_>
      <maxWeakCount>5</maxWeakCount>
      <stageThreshold>-9.0663319826126099e-01</stageThreshold>
      <weakClassifiers>
        <_>
          <internalNodes>
            0 -1 44 -4.9860995262861252e-02</internalNodes>
          <leafValues>
            8.5197305679321289e-01 -5.1738965511322021e-01</leafValues></_>
        <_>
          <internalNodes>
            0 -1 8 -1.2763609178364277e-02</internalNodes>
          <leafValues>
            4.6858555078506470e-01 -8.8639760017395020e-01</leafValues></_>
        <_>
          <internalNodes>
            0 -1 60 6.5261698327958584e-03</internalNodes>
          <leafValues>
            -4.6945416927337646e-01 8.3924496173858643e-01</leafValues></_>
        <_>
          <internalNodes>
            0 -1 42 1.2888654135167599e-02</internalNodes>
          <leafValues>
            -5.5463325977325439e-01 5.7070904970169067e-01</leafValues></_>
        <_>
          <internalNodes>
            0 -1 7 1.7986954189836979e-03</internalNodes>
          <leafValues>
            3.9589917659759521e-01 -9.8467153310775757e-01</leafValues></_></weakClassifiers></_>
    <!-- stage 11 -->
    <_>
      <maxWeakCount>6</maxWeakCount>
      <stageThreshold>-1.4547711610794067e+00</stageThreshold>
      <weakClassifiers>
        <_>
          <internalNodes>
            0 -1 3 8.2309423014521599e-03</internalNodes>
          <leafValues>
            -4.9165028333663940e-01 8.7381225824356079e-01</leafValues></_>
        <_>
          <internalNodes>
            0 -1 33 -1.3904658146202564e-02</internalNodes>
          <leafValues>
            4.9735641479492188e-01 -7.9425787925720215e-01</leafValues></_>
        <_>
          <internalNodes>
            0 -1 18 2.5627810508012772e-02</internalNodes>
          <leafValues>
            -5.4440593719482422e-01 5.8163034915924072e-01</leafValues></_>
        <_>
          <internalNodes>
            0 -1 22 8.4066048264503479e-02</internalNodes>
          <leafValues>
            -7.3828178644180298e-01 4.5961481332778931e-01</leafValues></_>
        <_>
          <internalNodes>
            0 -1 32 5.0451330840587616e-02</internalNodes>
          <leafValues>
            -6.9329577684402466e-01 4.6241468191146851e-01</leafValues></_>
        <_>
          <internalNodes>
            0 -1 65 -8.6841769516468048e-03</internalNodes>
          <leafValues>
            6.6675889492034912e-01 -5.4648649692535400e-01</leafValues></_></weakClassifiers></_>
    <!-- stage 12 -->
    <_>
      <maxWeakCount>9</maxWeakCount>
      <stageThreshold>-1.8670934438705444e+00</stageThreshold>
      <weakClassifiers>
        <_>
          <internalNodes>
            0 -1 36 5.7535395026206970e-03</internalNodes>
          <leafValues>
            -5.3961175680160522e-01 8.1425112485885620e-01</leafValues></_>
        <_>
          <internalNodes>
            0 -1 30 6.6269896924495697e-03</internalNodes>
          <leafValues>
            -3.5317131876945496e-01 8.8455265760421753e-01</leafValues></_>
        <_>
          <internalNodes>
            0 -1 2 3.2702244818210602e-02</internalNodes>
          <leafValues>
            -4.4358584284782410e-01 6.6671293973922729e-01</leafValues></_>
        <_>
          <internalNodes>
            0 -1 56 -7.1688722819089890e-03</internalNodes>
          <leafValues>
            4.0281602740287781e-01 -8.6650580167770386e-01</leafValues></_>
        <_>
          <internalNodes>
            0 -1 64 1.6541401855647564e-03</internalNodes>
          <leafValues>
            -3.5666087269783020e-01 8.2848775386810303e-01</leafValues></_>
        <_>
          <internalNodes>
            0 -1 5 -1.4140756800770760e-02</internalNodes>
          <leafValues>
            4.2519739270210266e-01 -9.1134023666381836e-01</leafValues></_>
        <_>
          <internalNodes>
            0 -1 31 3.7102356553077698e-02</internalNodes>
          <leafValues>
            -8.5675936937332153e-01 2.8207948803901672e-01</leafValues></_>
        <_>
          <internalNodes>
            0 -1 28 1.0269867256283760e-02</internalNodes>
          <leafValues>
            -3.5038486123085022e-01 8.4261196851730347e-01</leafValues></_>
        <_>
          <internalNodes>
            0 -1 23 -6.9453868491109461e-05</internalNodes>
          <leafValues>
            3.6409020423889160e-01 -9.0392726659774780e-01</leafValues></_></weakClassifiers></_>
    <!-- stage 13 -->
    <_>
      <maxWeakCount>5</maxWeakCount>
      <stageThreshold>-1.0402100086212158e+00</stageThreshold>
      <weakClassifiers>
        <_>
          <internalNodes>
            0 -1 1 4.3285876512527466e-02</internalNodes>
          <leafValues>
            -5.4544270038604736e-01 8.3266514539718628e-01</leafValues></_>
        <_>
          <internalNodes>
            0 -1 54 -1.8355134874582291e-02</internalNodes>
          <leafValues>
            5.8996832370758057e-01 -6.1228626966476440e-01</leafValues></_>
        <_>
          <internalNodes>
            0 -1 10 -1.2648047413676977e-03</internalNodes>
          <leafValues>
            -9.7218734025955200e-01 3.2479366660118103e-01</leafValues></_>
        <_>
          <internalNodes>
            0 -1 19 -2.5214701890945435e-02</internalNodes>
          <leafValues>
            3.5957977175712585e-01 -7.4171549081802368e-01</leafValues></_>
        <_>
          <internalNodes>
            0 -1 62 4.1418941691517830e-03</internalNodes>
          <leafValues>
            -5.4738879203796387e-01 5.3444069623947144e-01</leafValues></_></weakClassifiers></_></stages>
  <features>
    <_>
      <rects>
        <_>
          0 5 7 30 -1.</_>
        <_>
          0 20 7 15 2.</_></rects>
      <tilted>0</tilted></_>
    <_>
      <rects>
        <_>
          0 5 16 12 -1.</_>
        <_>
          0 5 8 6 2.</_>
        <_>
          8 11 8 6 2.</_></rects>
      <tilted>0</tilted></_>
    <_>
      <rects>
        <_>
          0 6 16 12 -1.</_>
        <_>
          0 6 8 6 2.</_>
        <_>
          8 12 8 6 2.</_></rects>
      <tilted>0</tilted></_>
    <_>
      <rects>
        <_>
          0 6 18 4 -1.</_>
        <_>
          0 6 9 2 2.</_>
        <_>
          9 8 9 2 2.</_></rects>
      <tilted>0</tilted></_>
    <_>
      <rects>
        <_>
          0 10 9 42 -1.</_>
        <_>
          3 10 3 42 3.</_></rects>
      <tilted>0</tilted></_>
    <_>
      <rects>
        <_>
          0 11 10 17 -1.</_>
        <_>
          5 11 5 17 2.</_></rects>
      <tilted>0</tilted></_>
    <_>
      <rects>
        <_>
          0 12 11 48 -1.</_>
        <_>
          0 28 11 16 3.</_></rects>
      <tilted>0</tilted></_>
    <_>
      <rects>
        <_>
          0 13 3 27 -1.</_>
        <_>
          0 22 3 9 3.</_></rects>
      <tilted>0</tilted></_>
    <_>
      <rects>
        <_>
          0 22 12 10 -1.</_>
        <_>
          4 22 4 10 3.</_></rects>
      <tilted>0</tilted></_>
    <_>
      <rects>
        <_>
          0 57 18 3 -1.</_>
        <_>
          9 57 9 3 2.</_></rects>
      <tilted>0</tilted></_>
    <_>
      <rects>
        <_>
          1 6 2 40 -1.</_>
        <_>
          2 6 1 40 2.</_></rects>
      <tilted>0</tilted></_>
    <_>
      <rects>
        <_>
          1 8 8 31 -1.</_>
        <_>
          5 8 4 31 2.</_></rects>
      <tilted>0</tilted></_>
    <_>
      <rects>
        <_>
          1 9 8 39 -1.</_>
        <_>
          5 9 4 39 2.</_></rects>
      <tilted>0</tilted></_>
    <_>
      <rects>
        <_>
          1 10 12 39 -1.</_>
        <_>
          5 10 4 39 3.</_></rects>
      <tilted>0</tilted></_>
    <_>
      <rects>
        <_>
          1 37 15 12 -1.</_>
        <_>
          6 37 5 12 3.</_></rects>
      <tilted>0</tilted></_>
    <_>
      <rects>
        <_>
          2 3 5 32 -1.</_>
        <_>
          2 19 5 16 2.</_></rects>
      <tilted>0</tilted></_>
    <_>
      <rects>
        <_>
          2 11 6 14 -1.</_>
        <_>
          4 11 2 14 3.</_></rects>
      <tilted>0</tilted></_>
    <_>
      <rects>
        <_>
          2 13 6 14 -1.</_>
        <_>
          4 13 2 14 3.</_></rects>
      <tilted>0</tilted></_>
    <_>
      <rects>
        <_>
          2 13 6 40 -1.</_>
        <_>
          4 13 2 40 3.</_></rects>
      <tilted>0</tilted></_>
    <_>
      <rects>
        <_>
          2 45 15 9 -1.</_>
        <_>
          7 45 5 9 3.</_></rects>
      <tilted>0</tilted></_>
    <_>
      <rects>
        <_>
          2 45 15 10 -1.</_>
        <_>
          7 45 5 10 3.</_></rects>
      <tilted>0</tilted></_>
    <_>
      <rects>
        <_>
          3 4 10 20 -1.</_>
        <_>
          3 4 5 10 2.</_>
        <_>
          8 14 5 10 2.</_></rects>
      <tilted>0</tilted></_>
    <_>
      <rects>
        <_>
          3 4 16 46 -1.</_>
        <_>
          3 4 8 23 2.</_>
        <_>
          11 27 8 23 2.</_></rects>
      <tilted>0</tilted></_>
    <_>
      <rects>
        <_>
          3 14 1 6 -1.</_>
        <_>
          3 17 1 3 2.</_></rects>
      <tilted>0</tilted></_>
    <_>
      <rects>
        <_>
          3 18 15 26 -1.</_>
        <_>
          3 31 15 13 2.</_></rects>
      <tilted>0</tilted></_>
    <_>
      <rects>
        <_>
          4 0 3 42 -1.</_>
        <_>
          4 21 3 21 2.</_></rects>
      <tilted>0</tilted></_>
    <_>
      <rects>
        <_>
          4 3 4 16 -1.</_>
        <_>
          4 11 4 8 2.</_></rects>
      <tilted>0</tilted></_>
    <_>
      <rects>
        <_>
          4 14 6 26 -1.</_>
        <_>
          6 14 2 26 3.</_></rects>
      <tilted>0</tilted></_>
    <_>
      <rects>
        <_>
          4 17 3 20 -1.</_>
        <_>
          5 17 1 20 3.</_></rects>
      <tilted>0</tilted></_>
    <_>
      <rects>
        <_>
          5 10 3 41 -1.</_>
        <_>
          6 10 1 41 3.</_></rects>
      <tilted>0</tilted></_>
    <_>
      <rects>
        <_>
          5 11 3 16 -1.</_>
        <_>
          6 11 1 16 3.</_></rects>
      <tilted>0</tilted></_>
    <_>
      <rects>
        <_>
          5 19 24 30 -1.</_>
        <_>
          5 19 12 15 2.</_>
        <_>
          17 34 12 15 2.</_></rects>
      <tilted>0</tilted></_>
    <_>
      <rects>
        <_>
          5 40 17 20 -1.</_>
        <_>
          5 50 17 10 2.</_></rects>
      <tilted>0</tilted></_>
    <_>
      <rects>
        <_>
          6 0 7 14 -1.</_>
        <_>
          6 7 7 7 2.</_></rects>
      <tilted>0</tilted></_>
    <_>
      <rects>
        <_>
          6 3 1 36 -1.</_>
        <_>
          6 21 1 18 2.</_></rects>
      <tilted>0</tilted></_>
    <_>
      <rects>
        <_>
          6 5 4 18 -1.</_>
        <_>
          6 5 2 9 2.</_>
        <_>
          8 14 2 9 2.</_></rects>
      <tilted>0</tilted></_>
    <_>
      <rects>
        <_>
          6 10 2 20 -1.</_>
        <_>
          6 10 1 10 2.</_>
        <_>
          7 20 1 10 2.</_></rects>
      <tilted>0</tilted></_>
    <_>
      <rects>
        <_>
          6 10 2 26 -1.</_>
        <_>
          6 10 1 13 2.</_>
        <_>
          7 23 1 13 2.</_></rects>
      <tilted>0</tilted></_>
    <_>
      <rects>
        <_>
          6 24 15 36 -1.</_>
        <_>
          6 36 15 12 3.</_></rects>
      <tilted>0</tilted></_>
    <_>
      <rects>
        <_>
          7 0 23 10 -1.</_>
        <_>
          7 5 23 5 2.</_></rects>
      <tilted>0</tilted></_>
    <_>
      <rects>
        <_>
          7 1 9 15 -1.</_>
        <_>
          7 6 9 5 3.</_></rects>
      <tilted>0</tilted></_>
    <_>
      <rects>
        <_>
          7 16 3 26 -1.</_>
        <_>
          8 16 1 26 3.</_></rects>
      <tilted>0</tilted></_>
    <_>
      <rects>
        <_>
          7 39 12 14 -1.</_>
        <_>
          7 39 6 7 2.</_>
        <_>
          13 46 6 7 2.</_></rects>
      <tilted>0</tilted></_>
    <_>
      <rects>
        <_>
          8 0 14 15 -1.</_>
        <_>
          8 5 14 5 3.</_></rects>
      <tilted>0</tilted></_>
    <_>
      <rects>
        <_>
          9 0 10 10 -1.</_>
        <_>
          9 5 10 5 2.</_></rects>
      <tilted>0</tilted></_>
    <_>
      <rects>
        <_>
          9 3 14 24 -1.</_>
        <_>
          9 3 7 12 2.</_>
        <_>
          16 15 7 12 2.</_></rects>
      <tilted>0</tilted></_>
    <_>
      <rects>
        <_>
          9 4 14 18 -1.</_>
        <_>
          9 4 7 9 2.</_>
        <_>
          16 13 7 9 2.</_></rects>
      <tilted>0</tilted></_>
    <_>
      <rects>
        <_>
          9 14 4 46 -1.</_>
        <_>
          9 14 2 23 2.</_>
        <_>
          11 37 2 23 2.</_></rects>
      <tilted>0</tilted></_>
    <_>
      <rects>
        <_>
          9 45 8 14 -1.</_>
        <_>
          13 45 4 14 2.</_></rects>
      <tilted>0</tilted></_>
    <_>
      <rects>
        <_>
          11 4 12 18 -1.</_>
        <_>
          11 4 6 9 2.</_>
        <_>
          17 13 6 9 2.</_></rects>
      <tilted>0</tilted></_>
    <_>
      <rects>
        <_>
          12 3 12 28 -1.</_>
        <_>
          12 3 6 14 2.</_>
        <_>
          18 17 6 14 2.</_></rects>
      <tilted>0</tilted></_>
    <_>
      <rects>
        <_>
          13 4 10 18 -1.</_>
        <_>
          13 4 5 9 2.</_>
        <_>
          18 13 5 9 2.</_></rects>
      <tilted>0</tilted></_>
    <_>
      <rects>
        <_>
          13 16 14 44 -1.</_>
        <_>
          13 38 14 22 2.</_></rects>
      <tilted>0</tilted></_>
    <_>
      <rects>
        <_>
          13 24 6 33 -1.</_>
        <_>
          13 35 6 11 3.</_></rects>
      <tilted>0</tilted></_>
    <_>
      <rects>
        <_>
          14 4 8 16 -1.</_>
        <_>
          14 4 4 8 2.</_>
        <_>
          18 12 4 8 2.</_></rects>
      <tilted>0</tilted></_>
    <_>
      <rects>
        <_>
          14 4 14 15 -1.</_>
        <_>
          21 4 7 15 2.</_></rects>
      <tilted>0</tilted></_>
    <_>
      <rects>
        <_>
          14 42 12 16 -1.</_>
        <_>
          18 42 4 16 3.</_></rects>
      <tilted>0</tilted></_>
    <_>
      <rects>
        <_>
          15 4 8 22 -1.</_>
        <_>
          15 4 4 11 2.</_>
        <_>
          19 15 4 11 2.</_></rects>
      <tilted>0</tilted></_>
    <_>
      <rects>
        <_>
          15 6 10 24 -1.</_>
        <_>
          15 6 5 12 2.</_>
        <_>
          20 18 5 12 2.</_></rects>
      <tilted>0</tilted></_>
    <_>
      <rects>
        <_>
          18 4 12 54 -1.</_>
        <_>
          22 4 4 54 3.</_></rects>
      <tilted>0</tilted></_>
    <_>
      <rects>
        <_>
          18 5 4 12 -1.</_>
        <_>
          18 5 2 6 2.</_>
        <_>
          20 11 2 6 2.</_></rects>
      <tilted>0</tilted></_>
    <_>
      <rects>
        <_>
          18 6 3 43 -1.</_>
        <_>
          19 6 1 43 3.</_></rects>
      <tilted>0</tilted></_>
    <_>
      <rects>
        <_>
          18 7 3 31 -1.</_>
        <_>
          19 7 1 31 3.</_></rects>
      <tilted>0</tilted></_>
    <_>
      <rects>
        <_>
          18 45 12 2 -1.</_>
        <_>
          22 45 4 2 3.</_></rects>
      <tilted>0</tilted></_>
    <_>
      <rects>
        <_>
          19 10 2 8 -1.</_>
        <_>
          19 10 1 4 2.</_>
        <_>
          20 14 1 4 2.</_></rects>
      <tilted>0</tilted></_>
    <_>
      <rects>
        <_>
          20 3 1 22 -1.</_>
        <_>
          20 14 1 11 2.</_></rects>
      <tilted>0</tilted></_>
    <_>
      <rects>
        <_>
          24 20 6 19 -1.</_>
        <_>
          27 20 3 19 2.</_></rects>
      <tilted>0</tilted></_></features></cascade>
</opencv_storage>
