<?xml version="1.0"?>
<opencv_storage>
<cascade>
  <stageType>BOOST</stageType>
  <featureType>HAAR</featureType>
  <height>33</height>
  <width>25</width>
  <stageParams>
    <boostType>GAB</boostType>
    <minHitRate>9.9900001287460327e-01</minHitRate>
    <maxFalseAlarm>5.0000000000000000e-01</maxFalseAlarm>
    <weightTrimRate>9.4999999999999996e-01</weightTrimRate>
    <maxDepth>1</maxDepth>
    <maxWeakCount>100</maxWeakCount></stageParams>
  <featureParams>
    <maxCatCount>0</maxCatCount>
    <featSize>1</featSize>
    <mode>BASIC</mode></featureParams>
  <stageNum>15</stageNum>
  <stages>
    <!-- stage 0 -->
    <_>
      <maxWeakCount>3</maxWeakCount>
      <stageThreshold>-1.2197407484054565e+00</stageThreshold>
      <weakClassifiers>
        <_>
          <internalNodes>
            0 -1 48 -8.8643074035644531e-02</internalNodes>
          <leafValues>
            7.6305168867111206e-01 -9.5762467384338379e-01</leafValues></_>
        <_>
          <internalNodes>
            0 -1 80 4.6698089689016342e-02</internalNodes>
          <leafValues>
            -8.0787003040313721e-01 6.7704945802688599e-01</leafValues></_>
        <_>
          <internalNodes>
            0 -1 175 -6.0875463532283902e-04</internalNodes>
          <leafValues>
            5.4575401544570923e-01 -7.8645825386047363e-01</leafValues></_></weakClassifiers></_>
    <!-- stage 1 -->
    <_>
      <maxWeakCount>4</maxWeakCount>
      <stageThreshold>-2.1042125225067139e+00</stageThreshold>
      <weakClassifiers>
        <_>
          <internalNodes>
            0 -1 98 -3.5059481859207153e-02</internalNodes>
          <leafValues>
            6.6104876995086670e-01 -9.0734767913818359e-01</leafValues></_>
        <_>
          <internalNodes>
            0 -1 144 6.8019572645425797e-03</internalNodes>
          <leafValues>
            -7.5086557865142822e-01 4.8731821775436401e-01</leafValues></_>
        <_>
          <internalNodes>
            0 -1 49 -1.2398992665112019e-02</internalNodes>
          <leafValues>
            4.2161908745765686e-01 -9.2114275693893433e-01</leafValues></_>
        <_>
          <internalNodes>
            0 -1 79 1.2111477553844452e-02</internalNodes>
          <leafValues>
            -8.6761838197708130e-01 3.1356525421142578e-01</leafValues></_></weakClassifiers></_>
    <!-- stage 2 -->
    <_>
      <maxWeakCount>7</maxWeakCount>
      <stageThreshold>-1.4470454454421997e+00</stageThreshold>
      <weakClassifiers>
        <_>
          <internalNodes>
            0 -1 111 3.9538640528917313e-02</internalNodes>
          <leafValues>
            -7.7056139707565308e-01 5.5177587270736694e-01</leafValues></_>
        <_>
          <internalNodes>
            0 -1 137 -6.6974028944969177e-02</internalNodes>
          <leafValues>
            6.7140167951583862e-01 -5.5461257696151733e-01</leafValues></_>
        <_>
          <internalNodes>
            0 -1 56 -7.9536512494087219e-02</internalNodes>
          <leafValues>
            4.2033541202545166e-01 -9.1424560546875000e-01</leafValues></_>
        <_>
          <internalNodes>
            0 -1 155 4.3633510358631611e-03</internalNodes>
          <leafValues>
            -6.9467753171920776e-01 4.2380467057228088e-01</leafValues></_>
        <_>
          <internalNodes>
            0 -1 54 -2.7122572064399719e-02</internalNodes>
          <leafValues>
            5.7200121879577637e-01 -5.1744675636291504e-01</leafValues></_>
        <_>
          <internalNodes>
            0 -1 32 2.1415639668703079e-02</internalNodes>
          <leafValues>
            -8.4286665916442871e-01 3.7096160650253296e-01</leafValues></_>
        <_>
          <internalNodes>
            0 -1 173 -5.0267362967133522e-03</internalNodes>
          <leafValues>
            4.2333608865737915e-01 -6.7771124839782715e-01</leafValues></_></weakClassifiers></_>
    <!-- stage 3 -->
    <_>
      <maxWeakCount>10</maxWeakCount>
      <stageThreshold>-2.4105005264282227e+00</stageThreshold>
      <weakClassifiers>
        <_>
          <internalNodes>
            0 -1 18 1.5637334436178207e-02</internalNodes>
          <leafValues>
            -7.7594065666198730e-01 5.2256172895431519e-01</leafValues></_>
        <_>
          <internalNodes>
            0 -1 117 -5.5554285645484924e-03</internalNodes>
          <leafValues>
            3.3433473110198975e-01 -8.3565849065780640e-01</leafValues></_>
        <_>
          <internalNodes>
            0 -1 57 -1.5961766242980957e-01</internalNodes>
          <leafValues>
            3.2451963424682617e-01 -7.2849971055984497e-01</leafValues></_>
        <_>
          <internalNodes>
            0 -1 101 -2.4144280701875687e-02</internalNodes>
          <leafValues>
            4.2790022492408752e-01 -5.6392997503280640e-01</leafValues></_>
        <_>
          <internalNodes>
            0 -1 156 -3.1730271875858307e-02</internalNodes>
          <leafValues>
            4.8078820109367371e-01 -5.2365863323211670e-01</leafValues></_>
        <_>
          <internalNodes>
            0 -1 135 -5.8687985874712467e-03</internalNodes>
          <leafValues>
            4.9380126595497131e-01 -5.1907497644424438e-01</leafValues></_>
        <_>
          <internalNodes>
            0 -1 2 1.2048606295138597e-03</internalNodes>
          <leafValues>
            -6.9799655675888062e-01 3.3762270212173462e-01</leafValues></_>
        <_>
          <internalNodes>
            0 -1 122 -1.0544249415397644e-01</internalNodes>
          <leafValues>
            6.1415374279022217e-01 -4.0052017569541931e-01</leafValues></_>
        <_>
          <internalNodes>
            0 -1 73 1.6707599163055420e-02</internalNodes>
          <leafValues>
            -7.9607808589935303e-01 3.1784656643867493e-01</leafValues></_>
        <_>
          <internalNodes>
            0 -1 24 -6.6858646459877491e-03</internalNodes>
          <leafValues>
            2.2829353809356689e-01 -6.8858546018600464e-01</leafValues></_></weakClassifiers></_>
    <!-- stage 4 -->
    <_>
      <maxWeakCount>8</maxWeakCount>
      <stageThreshold>-1.8261710405349731e+00</stageThreshold>
      <weakClassifiers>
        <_>
          <internalNodes>
            0 -1 8 2.7068998664617538e-02</internalNodes>
          <leafValues>
            -7.0965903997421265e-01 5.0471538305282593e-01</leafValues></_>
        <_>
          <internalNodes>
            0 -1 148 -1.4143655076622963e-02</internalNodes>
          <leafValues>
            3.8707703351974487e-01 -7.3294705152511597e-01</leafValues></_>
        <_>
          <internalNodes>
            0 -1 120 -1.7988858744502068e-02</internalNodes>
          <leafValues>
            4.4162133336067200e-01 -5.6475001573562622e-01</leafValues></_>
        <_>
          <internalNodes>
            0 -1 158 4.0894020348787308e-03</internalNodes>
          <leafValues>
            2.9409381747245789e-01 -8.8203948736190796e-01</leafValues></_>
        <_>
          <internalNodes>
            0 -1 114 -2.4831041693687439e-02</internalNodes>
          <leafValues>
            2.6530119776725769e-01 -7.4511003494262695e-01</leafValues></_>
        <_>
          <internalNodes>
            0 -1 170 -1.5960057498887181e-03</internalNodes>
          <leafValues>
            2.5140804052352905e-01 -7.5291854143142700e-01</leafValues></_>
        <_>
          <internalNodes>
            0 -1 58 -3.4439139999449253e-03</internalNodes>
          <leafValues>
            2.1677455306053162e-01 -8.3250200748443604e-01</leafValues></_>
        <_>
          <internalNodes>
            0 -1 5 -9.0298452414572239e-04</internalNodes>
          <leafValues>
            3.3378058671951294e-01 -5.1175600290298462e-01</leafValues></_></weakClassifiers></_>
    <!-- stage 5 -->
    <_>
      <maxWeakCount>12</maxWeakCount>
      <stageThreshold>-2.3831453323364258e+00</stageThreshold>
      <weakClassifiers>
        <_>
          <internalNodes>
            0 -1 83 1.1114163324236870e-02</internalNodes>
          <leafValues>
            -4.8171839118003845e-01 6.9695687294006348e-01</leafValues></_>
        <_>
          <internalNodes>
            0 -1 91 -2.5676205754280090e-02</internalNodes>
          <leafValues>
            3.5695943236351013e-01 -7.7550405263900757e-01</leafValues></_>
        <_>
          <internalNodes>
            0 -1 116 6.7675877362489700e-03</internalNodes>
          <leafValues>
            -4.0089499950408936e-01 5.8718246221542358e-01</leafValues></_>
        <_>
          <internalNodes>
            0 -1 14 5.8276108466088772e-03</internalNodes>
          <leafValues>
            -3.3717137575149536e-01 6.4429873228073120e-01</leafValues></_>
        <_>
          <internalNodes>
            0 -1 11 -3.8049779832363129e-02</internalNodes>
          <leafValues>
            5.8927398920059204e-01 -3.7125697731971741e-01</leafValues></_>
        <_>
          <internalNodes>
            0 -1 68 -1.1655383277684450e-03</internalNodes>
          <leafValues>
            3.0438485741615295e-01 -7.8603577613830566e-01</leafValues></_>
        <_>
          <internalNodes>
            0 -1 70 -9.9405661225318909e-02</internalNodes>
          <leafValues>
            4.6408027410507202e-01 -4.1835722327232361e-01</leafValues></_>
        <_>
          <internalNodes>
            0 -1 172 -5.4560885764658451e-03</internalNodes>
          <leafValues>
            3.6363065242767334e-01 -6.7790418863296509e-01</leafValues></_>
        <_>
          <internalNodes>
            0 -1 26 8.8649466633796692e-03</internalNodes>
          <leafValues>
            -3.9457851648330688e-01 4.0028196573257446e-01</leafValues></_>
        <_>
          <internalNodes>
            0 -1 136 -6.4201876521110535e-03</internalNodes>
          <leafValues>
            3.4016400575637817e-01 -4.6820914745330811e-01</leafValues></_>
        <_>
          <internalNodes>
            0 -1 88 -1.3491280376911163e-02</internalNodes>
          <leafValues>
            1.7641970515251160e-01 -9.1686838865280151e-01</leafValues></_>
        <_>
          <internalNodes>
            0 -1 81 1.9542077556252480e-02</internalNodes>
          <leafValues>
            -5.4042083024978638e-01 2.6578396558761597e-01</leafValues></_></weakClassifiers></_>
    <!-- stage 6 -->
    <_>
      <maxWeakCount>14</maxWeakCount>
      <stageThreshold>-2.3301999568939209e+00</stageThreshold>
      <weakClassifiers>
        <_>
          <internalNodes>
            0 -1 181 -2.5271177291870117e-02</internalNodes>
          <leafValues>
            3.9022436738014221e-01 -8.0411684513092041e-01</leafValues></_>
        <_>
          <internalNodes>
            0 -1 9 1.0228085517883301e-01</internalNodes>
          <leafValues>
            -3.7039461731910706e-01 7.9699510335922241e-01</leafValues></_>
        <_>
          <internalNodes>
            0 -1 127 2.6500024832785130e-03</internalNodes>
          <leafValues>
            -4.2743381857872009e-01 5.2391803264617920e-01</leafValues></_>
        <_>
          <internalNodes>
            0 -1 72 -6.2954393215477467e-03</internalNodes>
          <leafValues>
            3.8319376111030579e-01 -4.7949892282485962e-01</leafValues></_>
        <_>
          <internalNodes>
            0 -1 36 -4.5386028289794922e-01</internalNodes>
          <leafValues>
            5.8907246589660645e-01 -4.1197240352630615e-01</leafValues></_>
        <_>
          <internalNodes>
            0 -1 124 1.5590416267514229e-02</internalNodes>
          <leafValues>
            -3.9528414607048035e-01 5.3946268558502197e-01</leafValues></_>
        <_>
          <internalNodes>
            0 -1 121 -1.7229419201612473e-02</internalNodes>
          <leafValues>
            7.1011263132095337e-01 -2.8941267728805542e-01</leafValues></_>
        <_>
          <internalNodes>
            0 -1 170 -2.0124714821577072e-02</internalNodes>
          <leafValues>
            -9.0783596038818359e-01 2.7079468965530396e-01</leafValues></_>
        <_>
          <internalNodes>
            0 -1 163 -2.2481380437966436e-04</internalNodes>
          <leafValues>
            2.6508110761642456e-01 -5.5102127790451050e-01</leafValues></_>
        <_>
          <internalNodes>
            0 -1 23 1.2391149066388607e-03</internalNodes>
          <leafValues>
            2.1743498742580414e-01 -8.2733178138732910e-01</leafValues></_>
        <_>
          <internalNodes>
            0 -1 13 2.0663854666054249e-03</internalNodes>
          <leafValues>
            -5.5328071117401123e-01 2.5019910931587219e-01</leafValues></_>
        <_>
          <internalNodes>
            0 -1 109 -2.2349828213918954e-04</internalNodes>
          <leafValues>
            1.6074368357658386e-01 -8.9294892549514771e-01</leafValues></_>
        <_>
          <internalNodes>
            0 -1 59 1.2052086181938648e-02</internalNodes>
          <leafValues>
            -8.7954950332641602e-01 1.3245540857315063e-01</leafValues></_>
        <_>
          <internalNodes>
            0 -1 176 -3.0229851836338639e-04</internalNodes>
          <leafValues>
            1.6974189877510071e-01 -8.3531749248504639e-01</leafValues></_></weakClassifiers></_>
    <!-- stage 7 -->
    <_>
      <maxWeakCount>12</maxWeakCount>
      <stageThreshold>-2.2071146965026855e+00</stageThreshold>
      <weakClassifiers>
        <_>
          <internalNodes>
            0 -1 53 -3.6330215632915497e-02</internalNodes>
          <leafValues>
            4.9728259444236755e-01 -7.8155469894409180e-01</leafValues></_>
        <_>
          <internalNodes>
            0 -1 182 1.4911771286278963e-03</internalNodes>
          <leafValues>
            -3.8455244898796082e-01 6.8383353948593140e-01</leafValues></_>
        <_>
          <internalNodes>
            0 -1 157 -1.6652530757710338e-04</internalNodes>
          <leafValues>
            3.2707747817039490e-01 -6.7219334840774536e-01</leafValues></_>
        <_>
          <internalNodes>
            0 -1 17 -1.5815868973731995e-01</internalNodes>
          <leafValues>
            2.6627412438392639e-01 -7.7660959959030151e-01</leafValues></_>
        <_>
          <internalNodes>
            0 -1 7 4.3662567622959614e-03</internalNodes>
          <leafValues>
            -6.5570318698883057e-01 2.1680815517902374e-01</leafValues></_>
        <_>
          <internalNodes>
            0 -1 166 -1.2334780767560005e-03</internalNodes>
          <leafValues>
            2.5396409630775452e-01 -6.1501115560531616e-01</leafValues></_>
        <_>
          <internalNodes>
            0 -1 103 -1.5954279806464911e-03</internalNodes>
          <leafValues>
            6.7364782094955444e-01 -2.8765439987182617e-01</leafValues></_>
        <_>
          <internalNodes>
            0 -1 160 -6.5167848952114582e-03</internalNodes>
          <leafValues>
            3.2177454233169556e-01 -6.1593276262283325e-01</leafValues></_>
        <_>
          <internalNodes>
            0 -1 179 -1.2556780711747706e-04</internalNodes>
          <leafValues>
            3.8654550909996033e-01 -4.1434890031814575e-01</leafValues></_>
        <_>
          <internalNodes>
            0 -1 124 1.6874745488166809e-02</internalNodes>
          <leafValues>
            -3.7953215837478638e-01 3.8488575816154480e-01</leafValues></_>
        <_>
          <internalNodes>
            0 -1 76 -1.6592662723269314e-04</internalNodes>
          <leafValues>
            2.0038367807865143e-01 -8.8325822353363037e-01</leafValues></_>
        <_>
          <internalNodes>
            0 -1 90 -2.4245311506092548e-03</internalNodes>
          <leafValues>
            2.9889708757400513e-01 -4.6099951863288879e-01</leafValues></_></weakClassifiers></_>
    <!-- stage 8 -->
    <_>
      <maxWeakCount>15</maxWeakCount>
      <stageThreshold>-2.0085940361022949e+00</stageThreshold>
      <weakClassifiers>
        <_>
          <internalNodes>
            0 -1 44 -1.0390898212790489e-02</internalNodes>
          <leafValues>
            4.3764841556549072e-01 -7.1547234058380127e-01</leafValues></_>
        <_>
          <internalNodes>
            0 -1 34 2.6872882153838873e-04</internalNodes>
          <leafValues>
            -7.5837105512619019e-01 2.5321823358535767e-01</leafValues></_>
        <_>
          <internalNodes>
            0 -1 16 -9.4013158231973648e-03</internalNodes>
          <leafValues>
            2.6661199331283569e-01 -6.8070620298385620e-01</leafValues></_>
        <_>
          <internalNodes>
            0 -1 128 2.7925092726945877e-03</internalNodes>
          <leafValues>
            -3.5595789551734924e-01 4.5443791151046753e-01</leafValues></_>
        <_>
          <internalNodes>
            0 -1 62 3.9632581174373627e-03</internalNodes>
          <leafValues>
            -5.9499841928482056e-01 3.0486112833023071e-01</leafValues></_>
        <_>
          <internalNodes>
            0 -1 42 -5.2680289372801781e-03</internalNodes>
          <leafValues>
            1.4853839576244354e-01 -7.8247493505477905e-01</leafValues></_>
        <_>
          <internalNodes>
            0 -1 154 -1.7825113609433174e-03</internalNodes>
          <leafValues>
            2.7797836065292358e-01 -5.0796991586685181e-01</leafValues></_>
        <_>
          <internalNodes>
            0 -1 119 1.5002919826656580e-03</internalNodes>
          <leafValues>
            -4.4594734907150269e-01 2.9715776443481445e-01</leafValues></_>
        <_>
          <internalNodes>
            0 -1 183 -2.2256599913816899e-04</internalNodes>
          <leafValues>
            2.8675648570060730e-01 -4.9347424507141113e-01</leafValues></_>
        <_>
          <internalNodes>
            0 -1 46 -3.8313926197588444e-03</internalNodes>
          <leafValues>
            4.3884053826332092e-01 -2.9164353013038635e-01</leafValues></_>
        <_>
          <internalNodes>
            0 -1 10 2.8734566643834114e-02</internalNodes>
          <leafValues>
            -2.2960406541824341e-01 7.7439320087432861e-01</leafValues></_>
        <_>
          <internalNodes>
            0 -1 85 -1.3296420685946941e-02</internalNodes>
          <leafValues>
            6.1422902345657349e-01 -2.1886107325553894e-01</leafValues></_>
        <_>
          <internalNodes>
            0 -1 177 -2.2278485994320363e-04</internalNodes>
          <leafValues>
            2.6231721043586731e-01 -6.9213306903839111e-01</leafValues></_>
        <_>
          <internalNodes>
            0 -1 22 -7.5138984248042107e-03</internalNodes>
          <leafValues>
            1.5872061252593994e-01 -6.9414961338043213e-01</leafValues></_>
        <_>
          <internalNodes>
            0 -1 77 -2.8842635219916701e-04</internalNodes>
          <leafValues>
            1.0690246522426605e-01 -9.4111680984497070e-01</leafValues></_></weakClassifiers></_>
    <!-- stage 9 -->
    <_>
      <maxWeakCount>16</maxWeakCount>
      <stageThreshold>-2.2476992607116699e+00</stageThreshold>
      <weakClassifiers>
        <_>
          <internalNodes>
            0 -1 110 -2.9077708721160889e-02</internalNodes>
          <leafValues>
            4.1295164823532104e-01 -7.3597902059555054e-01</leafValues></_>
        <_>
          <internalNodes>
            0 -1 95 4.9903281033039093e-03</internalNodes>
          <leafValues>
            -5.0243300199508667e-01 4.6939781308174133e-01</leafValues></_>
        <_>
          <internalNodes>
            0 -1 133 -2.4124030023813248e-03</internalNodes>
          <leafValues>
            2.7618241310119629e-01 -5.9000813961029053e-01</leafValues></_>
        <_>
          <internalNodes>
            0 -1 104 -5.1534851081669331e-04</internalNodes>
          <leafValues>
            4.4608956575393677e-01 -3.7652921676635742e-01</leafValues></_>
        <_>
          <internalNodes>
            0 -1 159 2.1977892611175776e-03</internalNodes>
          <leafValues>
            1.8335990607738495e-01 -8.4551304578781128e-01</leafValues></_>
        <_>
          <internalNodes>
            0 -1 19 2.1109443157911301e-02</internalNodes>
          <leafValues>
            1.6064615547657013e-01 -8.5593807697296143e-01</leafValues></_>
        <_>
          <internalNodes>
            0 -1 169 -2.3340296465903521e-03</internalNodes>
          <leafValues>
            1.5461434423923492e-01 -7.3771905899047852e-01</leafValues></_>
        <_>
          <internalNodes>
            0 -1 45 -2.7550186961889267e-02</internalNodes>
          <leafValues>
            4.6961978077888489e-01 -3.0654406547546387e-01</leafValues></_>
        <_>
          <internalNodes>
            0 -1 118 -7.5828917324542999e-03</internalNodes>
          <leafValues>
            5.4778391122817993e-01 -2.9571959376335144e-01</leafValues></_>
        <_>
          <internalNodes>
            0 -1 125 -2.4886921048164368e-02</internalNodes>
          <leafValues>
            9.0339243412017822e-01 -1.7547428607940674e-01</leafValues></_>
        <_>
          <internalNodes>
            0 -1 15 8.4632877260446548e-03</internalNodes>
          <leafValues>
            -2.9970124363899231e-01 5.4985314607620239e-01</leafValues></_>
        <_>
          <internalNodes>
            0 -1 147 -2.1284192800521851e-02</internalNodes>
          <leafValues>
            1.8259929120540619e-01 -8.1207537651062012e-01</leafValues></_>
        <_>
          <internalNodes>
            0 -1 30 6.7633348517119884e-03</internalNodes>
          <leafValues>
            -9.5274347066879272e-01 1.1298050731420517e-01</leafValues></_>
        <_>
          <internalNodes>
            0 -1 75 1.0348554700613022e-02</internalNodes>
          <leafValues>
            -3.8474667072296143e-01 3.3196854591369629e-01</leafValues></_>
        <_>
          <internalNodes>
            0 -1 1 2.7319436776451766e-04</internalNodes>
          <leafValues>
            -6.3132047653198242e-01 2.2088317573070526e-01</leafValues></_>
        <_>
          <internalNodes>
            0 -1 3 -2.8989575803279877e-03</internalNodes>
          <leafValues>
            3.4728875756263733e-01 -3.7572532892227173e-01</leafValues></_></weakClassifiers></_>
    <!-- stage 10 -->
    <_>
      <maxWeakCount>17</maxWeakCount>
      <stageThreshold>-1.9124480485916138e+00</stageThreshold>
      <weakClassifiers>
        <_>
          <internalNodes>
            0 -1 86 1.6572957974858582e-04</internalNodes>
          <leafValues>
            -4.6572056412696838e-01 5.3405982255935669e-01</leafValues></_>
        <_>
          <internalNodes>
            0 -1 94 -8.3586312830448151e-03</internalNodes>
          <leafValues>
            7.9552149772644043e-01 -2.5260725617408752e-01</leafValues></_>
        <_>
          <internalNodes>
            0 -1 122 -1.0464249551296234e-01</internalNodes>
          <leafValues>
            5.3667294979095459e-01 -3.9546209573745728e-01</leafValues></_>
        <_>
          <internalNodes>
            0 -1 108 2.7468284592032433e-02</internalNodes>
          <leafValues>
            -3.4856683015823364e-01 5.7255899906158447e-01</leafValues></_>
        <_>
          <internalNodes>
            0 -1 151 -7.9157273285090923e-04</internalNodes>
          <leafValues>
            2.3022289574146271e-01 -7.3664015531539917e-01</leafValues></_>
        <_>
          <internalNodes>
            0 -1 106 -1.5125081408768892e-03</internalNodes>
          <leafValues>
            3.9725127816200256e-01 -4.3347921967506409e-01</leafValues></_>
        <_>
          <internalNodes>
            0 -1 78 -1.2623701989650726e-01</internalNodes>
          <leafValues>
            4.6616253256797791e-01 -3.2217115163803101e-01</leafValues></_>
        <_>
          <internalNodes>
            0 -1 63 -1.4464545994997025e-02</internalNodes>
          <leafValues>
            4.9779272079467773e-01 -3.0909976363182068e-01</leafValues></_>
        <_>
          <internalNodes>
            0 -1 21 2.5487277889624238e-04</internalNodes>
          <leafValues>
            -7.1512699127197266e-01 2.0598657429218292e-01</leafValues></_>
        <_>
          <internalNodes>
            0 -1 162 2.2039425675757229e-04</internalNodes>
          <leafValues>
            -4.0311062335968018e-01 3.4416869282722473e-01</leafValues></_>
        <_>
          <internalNodes>
            0 -1 92 4.5759463682770729e-03</internalNodes>
          <leafValues>
            2.0203582942485809e-01 -6.9889259338378906e-01</leafValues></_>
        <_>
          <internalNodes>
            0 -1 141 -4.4597536325454712e-03</internalNodes>
          <leafValues>
            7.9384964704513550e-01 -1.6130805015563965e-01</leafValues></_>
        <_>
          <internalNodes>
            0 -1 96 -1.2691353447735310e-02</internalNodes>
          <leafValues>
            5.6067872047424316e-01 -2.5373277068138123e-01</leafValues></_>
        <_>
          <internalNodes>
            0 -1 178 -3.1517958268523216e-03</internalNodes>
          <leafValues>
            -9.3907970190048218e-01 1.5811583399772644e-01</leafValues></_>
        <_>
          <internalNodes>
            0 -1 174 -2.2075898596085608e-04</internalNodes>
          <leafValues>
            1.4715957641601562e-01 -5.7280141115188599e-01</leafValues></_>
        <_>
          <internalNodes>
            0 -1 20 -2.5329095660708845e-04</internalNodes>
          <leafValues>
            1.3939927518367767e-01 -7.5707447528839111e-01</leafValues></_>
        <_>
          <internalNodes>
            0 -1 97 -2.0777454599738121e-02</internalNodes>
          <leafValues>
            6.5520375967025757e-01 -1.7919433116912842e-01</leafValues></_></weakClassifiers></_>
    <!-- stage 11 -->
    <_>
      <maxWeakCount>15</maxWeakCount>
      <stageThreshold>-1.6020585298538208e+00</stageThreshold>
      <weakClassifiers>
        <_>
          <internalNodes>
            0 -1 182 1.6385853523388505e-03</internalNodes>
          <leafValues>
            -3.3202165365219116e-01 6.9199150800704956e-01</leafValues></_>
        <_>
          <internalNodes>
            0 -1 165 2.0668471232056618e-02</internalNodes>
          <leafValues>
            -6.0104072093963623e-01 3.7995147705078125e-01</leafValues></_>
        <_>
          <internalNodes>
            0 -1 107 -5.3748577833175659e-02</internalNodes>
          <leafValues>
            3.1392726302146912e-01 -6.3490587472915649e-01</leafValues></_>
        <_>
          <internalNodes>
            0 -1 31 1.1608051136136055e-03</internalNodes>
          <leafValues>
            -4.5289546251296997e-01 3.5941481590270996e-01</leafValues></_>
        <_>
          <internalNodes>
            0 -1 146 1.8248822540044785e-02</internalNodes>
          <leafValues>
            -3.2982480525970459e-01 4.4698601961135864e-01</leafValues></_>
        <_>
          <internalNodes>
            0 -1 131 -1.9611988216638565e-02</internalNodes>
          <leafValues>
            8.8678783178329468e-01 -1.8354062736034393e-01</leafValues></_>
        <_>
          <internalNodes>
            0 -1 41 -3.2710740342736244e-03</internalNodes>
          <leafValues>
            1.9355170428752899e-01 -7.8793764114379883e-01</leafValues></_>
        <_>
          <internalNodes>
            0 -1 28 -6.6209648502990603e-04</internalNodes>
          <leafValues>
            1.5450304746627808e-01 -7.9368197917938232e-01</leafValues></_>
        <_>
          <internalNodes>
            0 -1 149 -3.3827929291874170e-03</internalNodes>
          <leafValues>
            5.3669774532318115e-01 -2.6859733462333679e-01</leafValues></_>
        <_>
          <internalNodes>
            0 -1 168 -2.4380520335398614e-04</internalNodes>
          <leafValues>
            2.8286814689636230e-01 -4.6274748444557190e-01</leafValues></_>
        <_>
          <internalNodes>
            0 -1 82 -9.1493129730224609e-03</internalNodes>
          <leafValues>
            7.1454071998596191e-01 -1.7908912897109985e-01</leafValues></_>
        <_>
          <internalNodes>
            0 -1 60 5.9327129274606705e-03</internalNodes>
          <leafValues>
            -6.1978584527969360e-01 2.1608646214008331e-01</leafValues></_>
        <_>
          <internalNodes>
            0 -1 64 1.2435808312147856e-03</internalNodes>
          <leafValues>
            -4.0937319397926331e-01 3.4848716855049133e-01</leafValues></_>
        <_>
          <internalNodes>
            0 -1 164 4.4039990752935410e-03</internalNodes>
          <leafValues>
            1.5026889741420746e-01 -8.9126276969909668e-01</leafValues></_>
        <_>
          <internalNodes>
            0 -1 66 1.1638326570391655e-02</internalNodes>
          <leafValues>
            -9.3825691938400269e-01 9.4631060957908630e-02</leafValues></_></weakClassifiers></_>
    <!-- stage 12 -->
    <_>
      <maxWeakCount>17</maxWeakCount>
      <stageThreshold>-1.7288664579391479e+00</stageThreshold>
      <weakClassifiers>
        <_>
          <internalNodes>
            0 -1 38 6.2843948602676392e-02</internalNodes>
          <leafValues>
            -3.0575051903724670e-01 6.9807237386703491e-01</leafValues></_>
        <_>
          <internalNodes>
            0 -1 43 -5.0440810620784760e-02</internalNodes>
          <leafValues>
            4.1894045472145081e-01 -5.0924539566040039e-01</leafValues></_>
        <_>
          <internalNodes>
            0 -1 113 -2.3159745335578918e-01</internalNodes>
          <leafValues>
            3.9673697948455811e-01 -4.4836539030075073e-01</leafValues></_>
        <_>
          <internalNodes>
            0 -1 0 -2.3523581330664456e-04</internalNodes>
          <leafValues>
            4.8479643464088440e-01 -3.2648608088493347e-01</leafValues></_>
        <_>
          <internalNodes>
            0 -1 35 -1.1614244431257248e-03</internalNodes>
          <leafValues>
            4.0777525305747986e-01 -3.4890618920326233e-01</leafValues></_>
        <_>
          <internalNodes>
            0 -1 50 8.2518777344375849e-04</internalNodes>
          <leafValues>
            1.7719857394695282e-01 -8.1664609909057617e-01</leafValues></_>
        <_>
          <internalNodes>
            0 -1 40 8.1698158755898476e-03</internalNodes>
          <leafValues>
            -2.9632434248924255e-01 4.5826444029808044e-01</leafValues></_>
        <_>
          <internalNodes>
            0 -1 134 -2.8902880148962140e-04</internalNodes>
          <leafValues>
            5.1093894243240356e-01 -3.1820011138916016e-01</leafValues></_>
        <_>
          <internalNodes>
            0 -1 47 9.7414674237370491e-03</internalNodes>
          <leafValues>
            2.1431283652782440e-01 -7.3823112249374390e-01</leafValues></_>
        <_>
          <internalNodes>
            0 -1 12 3.9329819381237030e-02</internalNodes>
          <leafValues>
            -3.4244957566261292e-01 3.6623868346214294e-01</leafValues></_>
        <_>
          <internalNodes>
            0 -1 150 -8.6814048700034618e-04</internalNodes>
          <leafValues>
            1.4171323180198669e-01 -7.9478114843368530e-01</leafValues></_>
        <_>
          <internalNodes>
            0 -1 142 -3.1975053250789642e-02</internalNodes>
          <leafValues>
            -7.4203503131866455e-01 1.6478632390499115e-01</leafValues></_>
        <_>
          <internalNodes>
            0 -1 100 -2.8463051421567798e-04</internalNodes>
          <leafValues>
            1.4014451205730438e-01 -7.9970318078994751e-01</leafValues></_>
        <_>
          <internalNodes>
            0 -1 102 1.1625636368989944e-02</internalNodes>
          <leafValues>
            -2.5552269816398621e-01 5.3199517726898193e-01</leafValues></_>
        <_>
          <internalNodes>
            0 -1 138 -7.8883059322834015e-02</internalNodes>
          <leafValues>
            3.4817454218864441e-01 -3.5941436886787415e-01</leafValues></_>
        <_>
          <internalNodes>
            0 -1 167 -1.1203410103917122e-03</internalNodes>
          <leafValues>
            4.8494133353233337e-01 -3.0161920189857483e-01</leafValues></_>
        <_>
          <internalNodes>
            0 -1 67 -2.3115305521059781e-04</internalNodes>
          <leafValues>
            1.6440601646900177e-01 -7.8767758607864380e-01</leafValues></_></weakClassifiers></_>
    <!-- stage 13 -->
    <_>
      <maxWeakCount>20</maxWeakCount>
      <stageThreshold>-2.2398049831390381e+00</stageThreshold>
      <weakClassifiers>
        <_>
          <internalNodes>
            0 -1 52 8.6202053353190422e-03</internalNodes>
          <leafValues>
            -4.8905813694000244e-01 4.7602328658103943e-01</leafValues></_>
        <_>
          <internalNodes>
            0 -1 6 -1.3982637785375118e-02</internalNodes>
          <leafValues>
            9.4394910335540771e-01 -2.0421251654624939e-01</leafValues></_>
        <_>
          <internalNodes>
            0 -1 27 -1.7078351229429245e-02</internalNodes>
          <leafValues>
            2.8558620810508728e-01 -7.6900798082351685e-01</leafValues></_>
        <_>
          <internalNodes>
            0 -1 37 -2.6758924126625061e-02</internalNodes>
          <leafValues>
            4.6599921584129333e-01 -4.8164057731628418e-01</leafValues></_>
        <_>
          <internalNodes>
            0 -1 99 -8.4843114018440247e-03</internalNodes>
          <leafValues>
            -5.4459595680236816e-01 3.6536771059036255e-01</leafValues></_>
        <_>
          <internalNodes>
            0 -1 87 -8.6390972137451172e-03</internalNodes>
          <leafValues>
            1.7248366773128510e-01 -8.2110035419464111e-01</leafValues></_>
        <_>
          <internalNodes>
            0 -1 130 1.3952965382486582e-03</internalNodes>
          <leafValues>
            -4.3259051442146301e-01 3.5340189933776855e-01</leafValues></_>
        <_>
          <internalNodes>
            0 -1 132 -4.9886470660567284e-03</internalNodes>
          <leafValues>
            5.1340585947036743e-01 -2.9909357428550720e-01</leafValues></_>
        <_>
          <internalNodes>
            0 -1 143 -1.0735007934272289e-02</internalNodes>
          <leafValues>
            6.7189532518386841e-01 -1.8442760407924652e-01</leafValues></_>
        <_>
          <internalNodes>
            0 -1 51 4.4008768163621426e-03</internalNodes>
          <leafValues>
            1.6545642912387848e-01 -9.1346144676208496e-01</leafValues></_>
        <_>
          <internalNodes>
            0 -1 61 2.1334257721900940e-01</internalNodes>
          <leafValues>
            -3.2278722524642944e-01 4.2612159252166748e-01</leafValues></_>
        <_>
          <internalNodes>
            0 -1 112 -1.3548208400607109e-02</internalNodes>
          <leafValues>
            5.1877307891845703e-01 -3.0229917168617249e-01</leafValues></_>
        <_>
          <internalNodes>
            0 -1 161 -4.7262306325137615e-03</internalNodes>
          <leafValues>
            2.0087517797946930e-01 -6.8171477317810059e-01</leafValues></_>
        <_>
          <internalNodes>
            0 -1 84 1.1526511516422033e-03</internalNodes>
          <leafValues>
            -2.9803839325904846e-01 5.1097518205642700e-01</leafValues></_>
        <_>
          <internalNodes>
            0 -1 89 -1.3673165813088417e-04</internalNodes>
          <leafValues>
            2.5382202863693237e-01 -5.3403335809707642e-01</leafValues></_>
        <_>
          <internalNodes>
            0 -1 126 -2.3700442165136337e-02</internalNodes>
          <leafValues>
            9.4290351867675781e-01 -1.4807985723018646e-01</leafValues></_>
        <_>
          <internalNodes>
            0 -1 39 1.1463700793683529e-03</internalNodes>
          <leafValues>
            -5.2377903461456299e-01 3.4233501553535461e-01</leafValues></_>
        <_>
          <internalNodes>
            0 -1 152 1.3886060332879424e-04</internalNodes>
          <leafValues>
            -2.8573271632194519e-01 4.6466842293739319e-01</leafValues></_>
        <_>
          <internalNodes>
            0 -1 184 -6.4592459239065647e-03</internalNodes>
          <leafValues>
            -9.4106149673461914e-01 1.5782794356346130e-01</leafValues></_>
        <_>
          <internalNodes>
            0 -1 145 3.7766815512441099e-04</internalNodes>
          <leafValues>
            2.9763722419738770e-01 -4.3196025490760803e-01</leafValues></_></weakClassifiers></_>
    <!-- stage 14 -->
    <_>
      <maxWeakCount>19</maxWeakCount>
      <stageThreshold>-1.8864947557449341e+00</stageThreshold>
      <weakClassifiers>
        <_>
          <internalNodes>
            0 -1 55 1.8655101303011179e-03</internalNodes>
          <leafValues>
            -6.4569485187530518e-01 3.7753883004188538e-01</leafValues></_>
        <_>
          <internalNodes>
            0 -1 129 -1.5391564927995205e-02</internalNodes>
          <leafValues>
            4.0531995892524719e-01 -5.0867521762847900e-01</leafValues></_>
        <_>
          <internalNodes>
            0 -1 139 2.5787025690078735e-02</internalNodes>
          <leafValues>
            -3.0110773444175720e-01 5.8313125371932983e-01</leafValues></_>
        <_>
          <internalNodes>
            0 -1 71 2.1447557955980301e-03</internalNodes>
          <leafValues>
            -3.5749509930610657e-01 5.3137409687042236e-01</leafValues></_>
        <_>
          <internalNodes>
            0 -1 4 1.6199771314859390e-02</internalNodes>
          <leafValues>
            -6.3291126489639282e-01 3.2355341315269470e-01</leafValues></_>
        <_>
          <internalNodes>
            0 -1 65 1.2880633585155010e-03</internalNodes>
          <leafValues>
            2.5676932930946350e-01 -8.5364764928817749e-01</leafValues></_>
        <_>
          <internalNodes>
            0 -1 29 1.2794262729585171e-02</internalNodes>
          <leafValues>
            -4.1911408305168152e-01 3.9079973101615906e-01</leafValues></_>
        <_>
          <internalNodes>
            0 -1 123 -6.8572834134101868e-03</internalNodes>
          <leafValues>
            3.5755571722984314e-01 -4.0738967061042786e-01</leafValues></_>
        <_>
          <internalNodes>
            0 -1 171 -8.7953656911849976e-03</internalNodes>
          <leafValues>
            -7.8478342294692993e-01 2.3965592682361603e-01</leafValues></_>
        <_>
          <internalNodes>
            0 -1 180 -2.1915302204433829e-04</internalNodes>
          <leafValues>
            3.2278940081596375e-01 -4.6115320920944214e-01</leafValues></_>
        <_>
          <internalNodes>
            0 -1 25 -3.2631885260343552e-03</internalNodes>
          <leafValues>
            1.8751643598079681e-01 -8.7883567810058594e-01</leafValues></_>
        <_>
          <internalNodes>
            0 -1 33 1.9817227439489216e-04</internalNodes>
          <leafValues>
            -3.8683694601058960e-01 4.2679175734519958e-01</leafValues></_>
        <_>
          <internalNodes>
            0 -1 115 8.0578861525282264e-04</internalNodes>
          <leafValues>
            -3.4046748280525208e-01 4.2018988728523254e-01</leafValues></_>
        <_>
          <internalNodes>
            0 -1 69 -7.9467836767435074e-03</internalNodes>
          <leafValues>
            -7.9278790950775146e-01 2.0117756724357605e-01</leafValues></_>
        <_>
          <internalNodes>
            0 -1 74 3.8537516957148910e-04</internalNodes>
          <leafValues>
            2.3272544145584106e-01 -5.7006943225860596e-01</leafValues></_>
        <_>
          <internalNodes>
            0 -1 105 -2.5964400265365839e-03</internalNodes>
          <leafValues>
            7.0015835762023926e-01 -2.2381466627120972e-01</leafValues></_>
        <_>
          <internalNodes>
            0 -1 93 5.2374836057424545e-02</internalNodes>
          <leafValues>
            2.1682336926460266e-01 -8.3489936590194702e-01</leafValues></_>
        <_>
          <internalNodes>
            0 -1 140 -4.3070935644209385e-03</internalNodes>
          <leafValues>
            6.9699656963348389e-01 -2.4249376356601715e-01</leafValues></_>
        <_>
          <internalNodes>
            0 -1 153 -1.4656726270914078e-02</internalNodes>
          <leafValues>
            3.8856130838394165e-01 -4.4893482327461243e-01</leafValues></_></weakClassifiers></_></stages>
  <features>
    <_>
      <rects>
        <_>
          0 0 2 2 -1.</_>
        <_>
          0 0 1 1 2.</_>
        <_>
          1 1 1 1 2.</_></rects>
      <tilted>0</tilted></_>
    <_>
      <rects>
        <_>
          0 0 2 30 -1.</_>
        <_>
          1 0 1 30 2.</_></rects>
      <tilted>0</tilted></_>
    <_>
      <rects>
        <_>
          0 0 2 31 -1.</_>
        <_>
          1 0 1 31 2.</_></rects>
      <tilted>0</tilted></_>
    <_>
      <rects>
        <_>
          0 0 10 4 -1.</_>
        <_>
          0 0 5 2 2.</_>
        <_>
          5 2 5 2 2.</_></rects>
      <tilted>0</tilted></_>
    <_>
      <rects>
        <_>
          0 0 6 12 -1.</_>
        <_>
          0 4 6 4 3.</_></rects>
      <tilted>0</tilted></_>
    <_>
      <rects>
        <_>
          0 0 14 2 -1.</_>
        <_>
          0 0 7 1 2.</_>
        <_>
          7 1 7 1 2.</_></rects>
      <tilted>0</tilted></_>
    <_>
      <rects>
        <_>
          0 1 2 6 -1.</_>
        <_>
          0 3 2 2 3.</_></rects>
      <tilted>0</tilted></_>
    <_>
      <rects>
        <_>
          0 1 3 12 -1.</_>
        <_>
          0 5 3 4 3.</_></rects>
      <tilted>0</tilted></_>
    <_>
      <rects>
        <_>
          0 1 12 12 -1.</_>
        <_>
          0 5 12 4 3.</_></rects>
      <tilted>0</tilted></_>
    <_>
      <rects>
        <_>
          0 2 24 5 -1.</_>
        <_>
          8 2 8 5 3.</_></rects>
      <tilted>0</tilted></_>
    <_>
      <rects>
        <_>
          0 3 10 3 -1.</_>
        <_>
          5 3 5 3 2.</_></rects>
      <tilted>0</tilted></_>
    <_>
      <rects>
        <_>
          0 3 6 10 -1.</_>
        <_>
          0 8 6 5 2.</_></rects>
      <tilted>0</tilted></_>
    <_>
      <rects>
        <_>
          0 3 13 12 -1.</_>
        <_>
          0 7 13 4 3.</_></rects>
      <tilted>0</tilted></_>
    <_>
      <rects>
        <_>
          0 4 2 29 -1.</_>
        <_>
          1 4 1 29 2.</_></rects>
      <tilted>0</tilted></_>
    <_>
      <rects>
        <_>
          0 4 12 1 -1.</_>
        <_>
          4 4 4 1 3.</_></rects>
      <tilted>0</tilted></_>
    <_>
      <rects>
        <_>
          0 4 12 2 -1.</_>
        <_>
          4 4 4 2 3.</_></rects>
      <tilted>0</tilted></_>
    <_>
      <rects>
        <_>
          0 6 1 22 -1.</_>
        <_>
          0 17 1 11 2.</_></rects>
      <tilted>0</tilted></_>
    <_>
      <rects>
        <_>
          0 6 16 27 -1.</_>
        <_>
          0 15 16 9 3.</_></rects>
      <tilted>0</tilted></_>
    <_>
      <rects>
        <_>
          0 8 8 25 -1.</_>
        <_>
          4 8 4 25 2.</_></rects>
      <tilted>0</tilted></_>
    <_>
      <rects>
        <_>
          0 8 22 4 -1.</_>
        <_>
          11 8 11 4 2.</_></rects>
      <tilted>0</tilted></_>
    <_>
      <rects>
        <_>
          0 9 2 15 -1.</_>
        <_>
          0 14 2 5 3.</_></rects>
      <tilted>0</tilted></_>
    <_>
      <rects>
        <_>
          0 9 6 2 -1.</_>
        <_>
          3 9 3 2 2.</_></rects>
      <tilted>0</tilted></_>
    <_>
      <rects>
        <_>
          0 9 6 15 -1.</_>
        <_>
          0 14 6 5 3.</_></rects>
      <tilted>0</tilted></_>
    <_>
      <rects>
        <_>
          0 10 3 12 -1.</_>
        <_>
          0 14 3 4 3.</_></rects>
      <tilted>0</tilted></_>
    <_>
      <rects>
        <_>
          0 10 7 12 -1.</_>
        <_>
          0 14 7 4 3.</_></rects>
      <tilted>0</tilted></_>
    <_>
      <rects>
        <_>
          0 12 9 4 -1.</_>
        <_>
          0 14 9 2 2.</_></rects>
      <tilted>0</tilted></_>
    <_>
      <rects>
        <_>
          0 14 6 15 -1.</_>
        <_>
          3 14 3 15 2.</_></rects>
      <tilted>0</tilted></_>
    <_>
      <rects>
        <_>
          0 14 18 6 -1.</_>
        <_>
          0 17 18 3 2.</_></rects>
      <tilted>0</tilted></_>
    <_>
      <rects>
        <_>
          0 15 9 15 -1.</_>
        <_>
          0 20 9 5 3.</_></rects>
      <tilted>0</tilted></_>
    <_>
      <rects>
        <_>
          0 20 12 9 -1.</_>
        <_>
          4 20 4 9 3.</_></rects>
      <tilted>0</tilted></_>
    <_>
      <rects>
        <_>
          0 21 24 12 -1.</_>
        <_>
          12 21 12 12 2.</_></rects>
      <tilted>0</tilted></_>
    <_>
      <rects>
        <_>
          0 24 4 4 -1.</_>
        <_>
          2 24 2 4 2.</_></rects>
      <tilted>0</tilted></_>
    <_>
      <rects>
        <_>
          0 24 24 9 -1.</_>
        <_>
          12 24 12 9 2.</_></rects>
      <tilted>0</tilted></_>
    <_>
      <rects>
        <_>
          0 27 2 1 -1.</_>
        <_>
          1 27 1 1 2.</_></rects>
      <tilted>0</tilted></_>
    <_>
      <rects>
        <_>
          0 31 10 1 -1.</_>
        <_>
          5 31 5 1 2.</_></rects>
      <tilted>0</tilted></_>
    <_>
      <rects>
        <_>
          1 0 10 2 -1.</_>
        <_>
          1 0 5 1 2.</_>
        <_>
          6 1 5 1 2.</_></rects>
      <tilted>0</tilted></_>
    <_>
      <rects>
        <_>
          1 1 15 28 -1.</_>
        <_>
          1 15 15 14 2.</_></rects>
      <tilted>0</tilted></_>
    <_>
      <rects>
        <_>
          1 2 5 10 -1.</_>
        <_>
          1 7 5 5 2.</_></rects>
      <tilted>0</tilted></_>
    <_>
      <rects>
        <_>
          1 2 21 4 -1.</_>
        <_>
          8 2 7 4 3.</_></rects>
      <tilted>0</tilted></_>
    <_>
      <rects>
        <_>
          1 3 6 27 -1.</_>
        <_>
          3 3 2 27 3.</_></rects>
      <tilted>0</tilted></_>
    <_>
      <rects>
        <_>
          1 3 12 2 -1.</_>
        <_>
          5 3 4 2 3.</_></rects>
      <tilted>0</tilted></_>
    <_>
      <rects>
        <_>
          1 9 24 15 -1.</_>
        <_>
          1 14 24 5 3.</_></rects>
      <tilted>0</tilted></_>
    <_>
      <rects>
        <_>
          1 16 10 15 -1.</_>
        <_>
          1 21 10 5 3.</_></rects>
      <tilted>0</tilted></_>
    <_>
      <rects>
        <_>
          1 21 18 12 -1.</_>
        <_>
          1 25 18 4 3.</_></rects>
      <tilted>0</tilted></_>
    <_>
      <rects>
        <_>
          2 1 12 32 -1.</_>
        <_>
          2 1 6 16 2.</_>
        <_>
          8 17 6 16 2.</_></rects>
      <tilted>0</tilted></_>
    <_>
      <rects>
        <_>
          2 2 3 12 -1.</_>
        <_>
          2 8 3 6 2.</_></rects>
      <tilted>0</tilted></_>
    <_>
      <rects>
        <_>
          2 4 1 8 -1.</_>
        <_>
          2 8 1 4 2.</_></rects>
      <tilted>0</tilted></_>
    <_>
      <rects>
        <_>
          2 5 4 9 -1.</_>
        <_>
          2 8 4 3 3.</_></rects>
      <tilted>0</tilted></_>
    <_>
      <rects>
        <_>
          2 5 8 20 -1.</_>
        <_>
          2 15 8 10 2.</_></rects>
      <tilted>0</tilted></_>
    <_>
      <rects>
        <_>
          2 9 6 8 -1.</_>
        <_>
          2 13 6 4 2.</_></rects>
      <tilted>0</tilted></_>
    <_>
      <rects>
        <_>
          2 11 5 9 -1.</_>
        <_>
          2 14 5 3 3.</_></rects>
      <tilted>0</tilted></_>
    <_>
      <rects>
        <_>
          2 16 8 1 -1.</_>
        <_>
          6 16 4 1 2.</_></rects>
      <tilted>0</tilted></_>
    <_>
      <rects>
        <_>
          2 17 9 14 -1.</_>
        <_>
          5 17 3 14 3.</_></rects>
      <tilted>0</tilted></_>
    <_>
      <rects>
        <_>
          2 21 22 12 -1.</_>
        <_>
          2 25 22 4 3.</_></rects>
      <tilted>0</tilted></_>
    <_>
      <rects>
        <_>
          3 2 2 16 -1.</_>
        <_>
          3 10 2 8 2.</_></rects>
      <tilted>0</tilted></_>
    <_>
      <rects>
        <_>
          3 3 10 8 -1.</_>
        <_>
          8 3 5 8 2.</_></rects>
      <tilted>0</tilted></_>
    <_>
      <rects>
        <_>
          3 5 7 20 -1.</_>
        <_>
          3 15 7 10 2.</_></rects>
      <tilted>0</tilted></_>
    <_>
      <rects>
        <_>
          3 6 13 27 -1.</_>
        <_>
          3 15 13 9 3.</_></rects>
      <tilted>0</tilted></_>
    <_>
      <rects>
        <_>
          3 12 7 4 -1.</_>
        <_>
          3 14 7 2 2.</_></rects>
      <tilted>0</tilted></_>
    <_>
      <rects>
        <_>
          3 20 22 13 -1.</_>
        <_>
          14 20 11 13 2.</_></rects>
      <tilted>0</tilted></_>
    <_>
      <rects>
        <_>
          4 0 2 15 -1.</_>
        <_>
          4 5 2 5 3.</_></rects>
      <tilted>0</tilted></_>
    <_>
      <rects>
        <_>
          4 0 21 33 -1.</_>
        <_>
          11 0 7 33 3.</_></rects>
      <tilted>0</tilted></_>
    <_>
      <rects>
        <_>
          4 1 2 12 -1.</_>
        <_>
          4 5 2 4 3.</_></rects>
      <tilted>0</tilted></_>
    <_>
      <rects>
        <_>
          4 2 1 16 -1.</_>
        <_>
          4 10 1 8 2.</_></rects>
      <tilted>0</tilted></_>
    <_>
      <rects>
        <_>
          4 4 8 4 -1.</_>
        <_>
          4 4 4 2 2.</_>
        <_>
          8 6 4 2 2.</_></rects>
      <tilted>0</tilted></_>
    <_>
      <rects>
        <_>
          4 17 6 4 -1.</_>
        <_>
          4 17 3 2 2.</_>
        <_>
          7 19 3 2 2.</_></rects>
      <tilted>0</tilted></_>
    <_>
      <rects>
        <_>
          4 21 20 12 -1.</_>
        <_>
          14 21 10 12 2.</_></rects>
      <tilted>0</tilted></_>
    <_>
      <rects>
        <_>
          5 10 1 4 -1.</_>
        <_>
          5 12 1 2 2.</_></rects>
      <tilted>0</tilted></_>
    <_>
      <rects>
        <_>
          5 10 4 4 -1.</_>
        <_>
          5 12 4 2 2.</_></rects>
      <tilted>0</tilted></_>
    <_>
      <rects>
        <_>
          5 13 6 8 -1.</_>
        <_>
          5 13 3 4 2.</_>
        <_>
          8 17 3 4 2.</_></rects>
      <tilted>0</tilted></_>
    <_>
      <rects>
        <_>
          5 18 13 15 -1.</_>
        <_>
          5 23 13 5 3.</_></rects>
      <tilted>0</tilted></_>
    <_>
      <rects>
        <_>
          5 19 11 6 -1.</_>
        <_>
          5 21 11 2 3.</_></rects>
      <tilted>0</tilted></_>
    <_>
      <rects>
        <_>
          5 21 9 11 -1.</_>
        <_>
          8 21 3 11 3.</_></rects>
      <tilted>0</tilted></_>
    <_>
      <rects>
        <_>
          5 21 16 12 -1.</_>
        <_>
          13 21 8 12 2.</_></rects>
      <tilted>0</tilted></_>
    <_>
      <rects>
        <_>
          5 27 9 4 -1.</_>
        <_>
          8 27 3 4 3.</_></rects>
      <tilted>0</tilted></_>
    <_>
      <rects>
        <_>
          6 4 10 10 -1.</_>
        <_>
          6 4 5 5 2.</_>
        <_>
          11 9 5 5 2.</_></rects>
      <tilted>0</tilted></_>
    <_>
      <rects>
        <_>
          6 11 1 4 -1.</_>
        <_>
          6 13 1 2 2.</_></rects>
      <tilted>0</tilted></_>
    <_>
      <rects>
        <_>
          6 12 1 8 -1.</_>
        <_>
          6 16 1 4 2.</_></rects>
      <tilted>0</tilted></_>
    <_>
      <rects>
        <_>
          6 18 16 15 -1.</_>
        <_>
          6 23 16 5 3.</_></rects>
      <tilted>0</tilted></_>
    <_>
      <rects>
        <_>
          6 20 14 13 -1.</_>
        <_>
          13 20 7 13 2.</_></rects>
      <tilted>0</tilted></_>
    <_>
      <rects>
        <_>
          6 25 19 8 -1.</_>
        <_>
          6 29 19 4 2.</_></rects>
      <tilted>0</tilted></_>
    <_>
      <rects>
        <_>
          6 26 14 7 -1.</_>
        <_>
          13 26 7 7 2.</_></rects>
      <tilted>0</tilted></_>
    <_>
      <rects>
        <_>
          7 0 10 2 -1.</_>
        <_>
          7 1 10 1 2.</_></rects>
      <tilted>0</tilted></_>
    <_>
      <rects>
        <_>
          7 1 6 9 -1.</_>
        <_>
          10 1 3 9 2.</_></rects>
      <tilted>0</tilted></_>
    <_>
      <rects>
        <_>
          7 2 5 3 -1.</_>
        <_>
          7 3 5 1 3.</_></rects>
      <tilted>0</tilted></_>
    <_>
      <rects>
        <_>
          7 2 9 6 -1.</_>
        <_>
          7 4 9 2 3.</_></rects>
      <tilted>0</tilted></_>
    <_>
      <rects>
        <_>
          7 3 2 1 -1.</_>
        <_>
          8 3 1 1 2.</_></rects>
      <tilted>0</tilted></_>
    <_>
      <rects>
        <_>
          7 9 1 24 -1.</_>
        <_>
          7 17 1 8 3.</_></rects>
      <tilted>0</tilted></_>
    <_>
      <rects>
        <_>
          7 9 2 24 -1.</_>
        <_>
          7 17 2 8 3.</_></rects>
      <tilted>0</tilted></_>
    <_>
      <rects>
        <_>
          7 11 2 2 -1.</_>
        <_>
          7 12 2 1 2.</_></rects>
      <tilted>0</tilted></_>
    <_>
      <rects>
        <_>
          7 13 9 7 -1.</_>
        <_>
          10 13 3 7 3.</_></rects>
      <tilted>0</tilted></_>
    <_>
      <rects>
        <_>
          7 13 8 10 -1.</_>
        <_>
          7 18 8 5 2.</_></rects>
      <tilted>0</tilted></_>
    <_>
      <rects>
        <_>
          7 17 6 4 -1.</_>
        <_>
          10 17 3 4 2.</_></rects>
      <tilted>0</tilted></_>
    <_>
      <rects>
        <_>
          7 27 14 6 -1.</_>
        <_>
          14 27 7 6 2.</_></rects>
      <tilted>0</tilted></_>
    <_>
      <rects>
        <_>
          8 0 10 2 -1.</_>
        <_>
          8 1 10 1 2.</_></rects>
      <tilted>0</tilted></_>
    <_>
      <rects>
        <_>
          8 1 4 11 -1.</_>
        <_>
          10 1 2 11 2.</_></rects>
      <tilted>0</tilted></_>
    <_>
      <rects>
        <_>
          8 1 6 8 -1.</_>
        <_>
          8 1 3 4 2.</_>
        <_>
          11 5 3 4 2.</_></rects>
      <tilted>0</tilted></_>
    <_>
      <rects>
        <_>
          8 2 7 6 -1.</_>
        <_>
          8 4 7 2 3.</_></rects>
      <tilted>0</tilted></_>
    <_>
      <rects>
        <_>
          8 9 4 16 -1.</_>
        <_>
          8 17 4 8 2.</_></rects>
      <tilted>0</tilted></_>
    <_>
      <rects>
        <_>
          8 11 2 15 -1.</_>
        <_>
          8 16 2 5 3.</_></rects>
      <tilted>0</tilted></_>
    <_>
      <rects>
        <_>
          8 15 3 4 -1.</_>
        <_>
          8 17 3 2 2.</_></rects>
      <tilted>0</tilted></_>
    <_>
      <rects>
        <_>
          8 20 8 12 -1.</_>
        <_>
          8 24 8 4 3.</_></rects>
      <tilted>0</tilted></_>
    <_>
      <rects>
        <_>
          8 27 8 6 -1.</_>
        <_>
          8 29 8 2 3.</_></rects>
      <tilted>0</tilted></_>
    <_>
      <rects>
        <_>
          9 0 2 2 -1.</_>
        <_>
          9 1 2 1 2.</_></rects>
      <tilted>0</tilted></_>
    <_>
      <rects>
        <_>
          9 1 2 4 -1.</_>
        <_>
          9 1 1 2 2.</_>
        <_>
          10 3 1 2 2.</_></rects>
      <tilted>0</tilted></_>
    <_>
      <rects>
        <_>
          9 5 3 6 -1.</_>
        <_>
          10 5 1 6 3.</_></rects>
      <tilted>0</tilted></_>
    <_>
      <rects>
        <_>
          9 11 6 6 -1.</_>
        <_>
          11 11 2 6 3.</_></rects>
      <tilted>0</tilted></_>
    <_>
      <rects>
        <_>
          9 11 7 18 -1.</_>
        <_>
          9 20 7 9 2.</_></rects>
      <tilted>0</tilted></_>
    <_>
      <rects>
        <_>
          9 12 9 21 -1.</_>
        <_>
          12 12 3 21 3.</_></rects>
      <tilted>0</tilted></_>
    <_>
      <rects>
        <_>
          9 13 1 6 -1.</_>
        <_>
          9 16 1 3 2.</_></rects>
      <tilted>0</tilted></_>
    <_>
      <rects>
        <_>
          9 21 14 12 -1.</_>
        <_>
          9 25 14 4 3.</_></rects>
      <tilted>0</tilted></_>
    <_>
      <rects>
        <_>
          9 25 15 8 -1.</_>
        <_>
          9 29 15 4 2.</_></rects>
      <tilted>0</tilted></_>
    <_>
      <rects>
        <_>
          10 0 7 9 -1.</_>
        <_>
          10 3 7 3 3.</_></rects>
      <tilted>0</tilted></_>
    <_>
      <rects>
        <_>
          10 0 8 32 -1.</_>
        <_>
          10 16 8 16 2.</_></rects>
      <tilted>0</tilted></_>
    <_>
      <rects>
        <_>
          10 0 9 16 -1.</_>
        <_>
          10 8 9 8 2.</_></rects>
      <tilted>0</tilted></_>
    <_>
      <rects>
        <_>
          10 1 6 3 -1.</_>
        <_>
          10 2 6 1 3.</_></rects>
      <tilted>0</tilted></_>
    <_>
      <rects>
        <_>
          10 8 6 6 -1.</_>
        <_>
          10 8 3 3 2.</_>
        <_>
          13 11 3 3 2.</_></rects>
      <tilted>0</tilted></_>
    <_>
      <rects>
        <_>
          10 15 5 6 -1.</_>
        <_>
          10 18 5 3 2.</_></rects>
      <tilted>0</tilted></_>
    <_>
      <rects>
        <_>
          10 21 7 6 -1.</_>
        <_>
          10 23 7 2 3.</_></rects>
      <tilted>0</tilted></_>
    <_>
      <rects>
        <_>
          10 23 6 10 -1.</_>
        <_>
          10 23 3 5 2.</_>
        <_>
          13 28 3 5 2.</_></rects>
      <tilted>0</tilted></_>
    <_>
      <rects>
        <_>
          10 24 14 9 -1.</_>
        <_>
          10 27 14 3 3.</_></rects>
      <tilted>0</tilted></_>
    <_>
      <rects>
        <_>
          11 0 3 9 -1.</_>
        <_>
          11 3 3 3 3.</_></rects>
      <tilted>0</tilted></_>
    <_>
      <rects>
        <_>
          11 0 3 30 -1.</_>
        <_>
          11 15 3 15 2.</_></rects>
      <tilted>0</tilted></_>
    <_>
      <rects>
        <_>
          11 0 5 9 -1.</_>
        <_>
          11 3 5 3 3.</_></rects>
      <tilted>0</tilted></_>
    <_>
      <rects>
        <_>
          11 0 14 8 -1.</_>
        <_>
          11 0 7 4 2.</_>
        <_>
          18 4 7 4 2.</_></rects>
      <tilted>0</tilted></_>
    <_>
      <rects>
        <_>
          11 6 3 9 -1.</_>
        <_>
          11 9 3 3 3.</_></rects>
      <tilted>0</tilted></_>
    <_>
      <rects>
        <_>
          11 7 3 9 -1.</_>
        <_>
          11 10 3 3 3.</_></rects>
      <tilted>0</tilted></_>
    <_>
      <rects>
        <_>
          11 8 4 6 -1.</_>
        <_>
          11 8 2 3 2.</_>
        <_>
          13 11 2 3 2.</_></rects>
      <tilted>0</tilted></_>
    <_>
      <rects>
        <_>
          11 19 4 6 -1.</_>
        <_>
          11 21 4 2 3.</_></rects>
      <tilted>0</tilted></_>
    <_>
      <rects>
        <_>
          11 24 13 9 -1.</_>
        <_>
          11 27 13 3 3.</_></rects>
      <tilted>0</tilted></_>
    <_>
      <rects>
        <_>
          11 25 4 8 -1.</_>
        <_>
          11 25 2 4 2.</_>
        <_>
          13 29 2 4 2.</_></rects>
      <tilted>0</tilted></_>
    <_>
      <rects>
        <_>
          12 6 2 9 -1.</_>
        <_>
          12 9 2 3 3.</_></rects>
      <tilted>0</tilted></_>
    <_>
      <rects>
        <_>
          12 14 4 12 -1.</_>
        <_>
          12 14 2 6 2.</_>
        <_>
          14 20 2 6 2.</_></rects>
      <tilted>0</tilted></_>
    <_>
      <rects>
        <_>
          12 16 4 4 -1.</_>
        <_>
          12 18 4 2 2.</_></rects>
      <tilted>0</tilted></_>
    <_>
      <rects>
        <_>
          12 25 2 2 -1.</_>
        <_>
          13 25 1 2 2.</_></rects>
      <tilted>0</tilted></_>
    <_>
      <rects>
        <_>
          13 0 5 6 -1.</_>
        <_>
          13 3 5 3 2.</_></rects>
      <tilted>0</tilted></_>
    <_>
      <rects>
        <_>
          13 0 6 6 -1.</_>
        <_>
          13 3 6 3 2.</_></rects>
      <tilted>0</tilted></_>
    <_>
      <rects>
        <_>
          13 0 12 18 -1.</_>
        <_>
          19 0 6 18 2.</_></rects>
      <tilted>0</tilted></_>
    <_>
      <rects>
        <_>
          13 0 12 28 -1.</_>
        <_>
          19 0 6 28 2.</_></rects>
      <tilted>0</tilted></_>
    <_>
      <rects>
        <_>
          13 1 12 8 -1.</_>
        <_>
          13 1 6 4 2.</_>
        <_>
          19 5 6 4 2.</_></rects>
      <tilted>0</tilted></_>
    <_>
      <rects>
        <_>
          13 5 2 4 -1.</_>
        <_>
          13 7 2 2 2.</_></rects>
      <tilted>0</tilted></_>
    <_>
      <rects>
        <_>
          13 7 1 6 -1.</_>
        <_>
          13 9 1 2 3.</_></rects>
      <tilted>0</tilted></_>
    <_>
      <rects>
        <_>
          13 7 7 10 -1.</_>
        <_>
          13 12 7 5 2.</_></rects>
      <tilted>0</tilted></_>
    <_>
      <rects>
        <_>
          13 20 2 9 -1.</_>
        <_>
          13 23 2 3 3.</_></rects>
      <tilted>0</tilted></_>
    <_>
      <rects>
        <_>
          13 24 3 8 -1.</_>
        <_>
          13 28 3 4 2.</_></rects>
      <tilted>0</tilted></_>
    <_>
      <rects>
        <_>
          13 29 6 4 -1.</_>
        <_>
          15 29 2 4 3.</_></rects>
      <tilted>0</tilted></_>
    <_>
      <rects>
        <_>
          14 0 10 8 -1.</_>
        <_>
          14 0 5 4 2.</_>
        <_>
          19 4 5 4 2.</_></rects>
      <tilted>0</tilted></_>
    <_>
      <rects>
        <_>
          14 0 5 24 -1.</_>
        <_>
          14 12 5 12 2.</_></rects>
      <tilted>0</tilted></_>
    <_>
      <rects>
        <_>
          14 15 2 18 -1.</_>
        <_>
          14 21 2 6 3.</_></rects>
      <tilted>0</tilted></_>
    <_>
      <rects>
        <_>
          14 23 4 6 -1.</_>
        <_>
          14 23 2 3 2.</_>
        <_>
          16 26 2 3 2.</_></rects>
      <tilted>0</tilted></_>
    <_>
      <rects>
        <_>
          15 0 1 16 -1.</_>
        <_>
          15 8 1 8 2.</_></rects>
      <tilted>0</tilted></_>
    <_>
      <rects>
        <_>
          15 16 10 1 -1.</_>
        <_>
          20 16 5 1 2.</_></rects>
      <tilted>0</tilted></_>
    <_>
      <rects>
        <_>
          15 30 2 2 -1.</_>
        <_>
          15 30 1 1 2.</_>
        <_>
          16 31 1 1 2.</_></rects>
      <tilted>0</tilted></_>
    <_>
      <rects>
        <_>
          16 2 8 10 -1.</_>
        <_>
          20 2 4 10 2.</_></rects>
      <tilted>0</tilted></_>
    <_>
      <rects>
        <_>
          17 0 8 1 -1.</_>
        <_>
          21 0 4 1 2.</_></rects>
      <tilted>0</tilted></_>
    <_>
      <rects>
        <_>
          17 0 8 10 -1.</_>
        <_>
          17 0 4 5 2.</_>
        <_>
          21 5 4 5 2.</_></rects>
      <tilted>0</tilted></_>
    <_>
      <rects>
        <_>
          17 0 8 28 -1.</_>
        <_>
          21 0 4 28 2.</_></rects>
      <tilted>0</tilted></_>
    <_>
      <rects>
        <_>
          17 15 6 1 -1.</_>
        <_>
          20 15 3 1 2.</_></rects>
      <tilted>0</tilted></_>
    <_>
      <rects>
        <_>
          17 19 8 14 -1.</_>
        <_>
          21 19 4 14 2.</_></rects>
      <tilted>0</tilted></_>
    <_>
      <rects>
        <_>
          17 20 8 13 -1.</_>
        <_>
          21 20 4 13 2.</_></rects>
      <tilted>0</tilted></_>
    <_>
      <rects>
        <_>
          18 0 2 14 -1.</_>
        <_>
          18 7 2 7 2.</_></rects>
      <tilted>0</tilted></_>
    <_>
      <rects>
        <_>
          18 4 3 12 -1.</_>
        <_>
          18 10 3 6 2.</_></rects>
      <tilted>0</tilted></_>
    <_>
      <rects>
        <_>
          18 17 3 4 -1.</_>
        <_>
          18 19 3 2 2.</_></rects>
      <tilted>0</tilted></_>
    <_>
      <rects>
        <_>
          18 32 4 1 -1.</_>
        <_>
          20 32 2 1 2.</_></rects>
      <tilted>0</tilted></_>
    <_>
      <rects>
        <_>
          19 20 6 13 -1.</_>
        <_>
          22 20 3 13 2.</_></rects>
      <tilted>0</tilted></_>
    <_>
      <rects>
        <_>
          19 21 6 12 -1.</_>
        <_>
          19 27 6 6 2.</_></rects>
      <tilted>0</tilted></_>
    <_>
      <rects>
        <_>
          19 24 6 8 -1.</_>
        <_>
          22 24 3 8 2.</_></rects>
      <tilted>0</tilted></_>
    <_>
      <rects>
        <_>
          19 32 6 1 -1.</_>
        <_>
          21 32 2 1 3.</_></rects>
      <tilted>0</tilted></_>
    <_>
      <rects>
        <_>
          20 2 2 6 -1.</_>
        <_>
          20 5 2 3 2.</_></rects>
      <tilted>0</tilted></_>
    <_>
      <rects>
        <_>
          20 10 5 15 -1.</_>
        <_>
          20 15 5 5 3.</_></rects>
      <tilted>0</tilted></_>
    <_>
      <rects>
        <_>
          20 11 5 12 -1.</_>
        <_>
          20 15 5 4 3.</_></rects>
      <tilted>0</tilted></_>
    <_>
      <rects>
        <_>
          20 15 5 18 -1.</_>
        <_>
          20 24 5 9 2.</_></rects>
      <tilted>0</tilted></_>
    <_>
      <rects>
        <_>
          21 0 4 33 -1.</_>
        <_>
          23 0 2 33 2.</_></rects>
      <tilted>0</tilted></_>
    <_>
      <rects>
        <_>
          21 3 4 18 -1.</_>
        <_>
          23 3 2 18 2.</_></rects>
      <tilted>0</tilted></_>
    <_>
      <rects>
        <_>
          21 4 4 1 -1.</_>
        <_>
          23 4 2 1 2.</_></rects>
      <tilted>0</tilted></_>
    <_>
      <rects>
        <_>
          21 4 4 3 -1.</_>
        <_>
          23 4 2 3 2.</_></rects>
      <tilted>0</tilted></_>
    <_>
      <rects>
        <_>
          21 4 4 29 -1.</_>
        <_>
          23 4 2 29 2.</_></rects>
      <tilted>0</tilted></_>
    <_>
      <rects>
        <_>
          21 5 4 3 -1.</_>
        <_>
          23 5 2 3 2.</_></rects>
      <tilted>0</tilted></_>
    <_>
      <rects>
        <_>
          21 12 1 9 -1.</_>
        <_>
          21 15 1 3 3.</_></rects>
      <tilted>0</tilted></_>
    <_>
      <rects>
        <_>
          21 16 2 1 -1.</_>
        <_>
          22 16 1 1 2.</_></rects>
      <tilted>0</tilted></_>
    <_>
      <rects>
        <_>
          21 17 2 4 -1.</_>
        <_>
          22 17 1 4 2.</_></rects>
      <tilted>0</tilted></_>
    <_>
      <rects>
        <_>
          22 6 3 27 -1.</_>
        <_>
          22 15 3 9 3.</_></rects>
      <tilted>0</tilted></_>
    <_>
      <rects>
        <_>
          23 0 2 3 -1.</_>
        <_>
          23 1 2 1 3.</_></rects>
      <tilted>0</tilted></_>
    <_>
      <rects>
        <_>
          23 25 2 3 -1.</_>
        <_>
          24 25 1 3 2.</_></rects>
      <tilted>0</tilted></_>
    <_>
      <rects>
        <_>
          24 5 1 10 -1.</_>
        <_>
          24 10 1 5 2.</_></rects>
      <tilted>0</tilted></_></features></cascade>
</opencv_storage>
