<?xml version="1.0"?>
<opencv_storage>
<cascade>
  <stageType>BOOST</stageType>
  <featureType>HAAR</featureType>
  <height>39</height>
  <width>24</width>
  <stageParams>
    <boostType>GAB</boostType>
    <minHitRate>9.9900001287460327e-01</minHitRate>
    <maxFalseAlarm>5.0000000000000000e-01</maxFalseAlarm>
    <weightTrimRate>9.4999999999999996e-01</weightTrimRate>
    <maxDepth>1</maxDepth>
    <maxWeakCount>100</maxWeakCount></stageParams>
  <featureParams>
    <maxCatCount>0</maxCatCount>
    <featSize>1</featSize>
    <mode>BASIC</mode></featureParams>
  <stageNum>14</stageNum>
  <stages>
    <!-- stage 0 -->
    <_>
      <maxWeakCount>3</maxWeakCount>
      <stageThreshold>-1.2428605556488037e+00</stageThreshold>
      <weakClassifiers>
        <_>
          <internalNodes>
            0 -1 1 6.4775861799716949e-02</internalNodes>
          <leafValues>
            -9.1171145439147949e-01 8.5200947523117065e-01</leafValues></_>
        <_>
          <internalNodes>
            0 -1 47 -1.6585510224103928e-02</internalNodes>
          <leafValues>
            6.8913835287094116e-01 -8.9243161678314209e-01</leafValues></_>
        <_>
          <internalNodes>
            0 -1 12 -8.0978740006685257e-03</internalNodes>
          <leafValues>
            5.6128245592117310e-01 -9.8080909252166748e-01</leafValues></_></weakClassifiers></_>
    <!-- stage 1 -->
    <_>
      <maxWeakCount>4</maxWeakCount>
      <stageThreshold>-9.5923382043838501e-01</stageThreshold>
      <weakClassifiers>
        <_>
          <internalNodes>
            0 -1 18 3.7483714520931244e-02</internalNodes>
          <leafValues>
            -8.8920801877975464e-01 7.3536127805709839e-01</leafValues></_>
        <_>
          <internalNodes>
            0 -1 39 2.4547218345105648e-03</internalNodes>
          <leafValues>
            -9.3138659000396729e-01 5.3456032276153564e-01</leafValues></_>
        <_>
          <internalNodes>
            0 -1 45 3.3949837088584900e-02</internalNodes>
          <leafValues>
            -9.1494172811508179e-01 4.4837534427642822e-01</leafValues></_>
        <_>
          <internalNodes>
            0 -1 4 -3.0409995466470718e-02</internalNodes>
          <leafValues>
            4.1298541426658630e-01 -9.9087530374526978e-01</leafValues></_></weakClassifiers></_>
    <!-- stage 2 -->
    <_>
      <maxWeakCount>3</maxWeakCount>
      <stageThreshold>-9.7091114521026611e-01</stageThreshold>
      <weakClassifiers>
        <_>
          <internalNodes>
            0 -1 2 -9.0692266821861267e-02</internalNodes>
          <leafValues>
            7.4510449171066284e-01 -8.3963418006896973e-01</leafValues></_>
        <_>
          <internalNodes>
            0 -1 9 -6.1201155185699463e-02</internalNodes>
          <leafValues>
            7.8816157579421997e-01 -6.2134331464767456e-01</leafValues></_>
        <_>
          <internalNodes>
            0 -1 16 3.6357189528644085e-03</internalNodes>
          <leafValues>
            -9.5288681983947754e-01 4.9006637930870056e-01</leafValues></_></weakClassifiers></_>
    <!-- stage 3 -->
    <_>
      <maxWeakCount>5</maxWeakCount>
      <stageThreshold>-1.5468662977218628e+00</stageThreshold>
      <weakClassifiers>
        <_>
          <internalNodes>
            0 -1 53 -5.5228300392627716e-02</internalNodes>
          <leafValues>
            7.4840277433395386e-01 -7.6283508539199829e-01</leafValues></_>
        <_>
          <internalNodes>
            0 -1 25 -1.4490500092506409e-02</internalNodes>
          <leafValues>
            5.0325465202331543e-01 -8.7364977598190308e-01</leafValues></_>
        <_>
          <internalNodes>
            0 -1 36 -1.2763372622430325e-02</internalNodes>
          <leafValues>
            4.0353196859359741e-01 -8.8497519493103027e-01</leafValues></_>
        <_>
          <internalNodes>
            0 -1 10 -3.6119319498538971e-02</internalNodes>
          <leafValues>
            6.2225252389907837e-01 -6.3896960020065308e-01</leafValues></_>
        <_>
          <internalNodes>
            0 -1 3 -1.3921594247221947e-02</internalNodes>
          <leafValues>
            3.5234120488166809e-01 -9.9064821004867554e-01</leafValues></_></weakClassifiers></_>
    <!-- stage 4 -->
    <_>
      <maxWeakCount>6</maxWeakCount>
      <stageThreshold>-1.4551537036895752e+00</stageThreshold>
      <weakClassifiers>
        <_>
          <internalNodes>
            0 -1 69 -3.9243146777153015e-02</internalNodes>
          <leafValues>
            9.7674059867858887e-01 -4.7404381632804871e-01</leafValues></_>
        <_>
          <internalNodes>
            0 -1 28 3.6719583440572023e-03</internalNodes>
          <leafValues>
            -4.4985520839691162e-01 8.5188424587249756e-01</leafValues></_>
        <_>
          <internalNodes>
            0 -1 42 -4.1861198842525482e-02</internalNodes>
          <leafValues>
            5.4458487033843994e-01 -7.9198253154754639e-01</leafValues></_>
        <_>
          <internalNodes>
            0 -1 7 -5.8884289115667343e-02</internalNodes>
          <leafValues>
            7.6459860801696777e-01 -5.5598312616348267e-01</leafValues></_>
        <_>
          <internalNodes>
            0 -1 37 -1.3841399922966957e-02</internalNodes>
          <leafValues>
            4.7511222958564758e-01 -8.5605800151824951e-01</leafValues></_>
        <_>
          <internalNodes>
            0 -1 64 2.2748285904526711e-02</internalNodes>
          <leafValues>
            -9.1329419612884521e-01 3.7102955579757690e-01</leafValues></_></weakClassifiers></_>
    <!-- stage 5 -->
    <_>
      <maxWeakCount>6</maxWeakCount>
      <stageThreshold>-1.5207246541976929e+00</stageThreshold>
      <weakClassifiers>
        <_>
          <internalNodes>
            0 -1 58 2.3580754175782204e-02</internalNodes>
          <leafValues>
            -6.7807686328887939e-01 7.1342086791992188e-01</leafValues></_>
        <_>
          <internalNodes>
            0 -1 67 1.8794145435094833e-02</internalNodes>
          <leafValues>
            -5.3215301036834717e-01 7.6753598451614380e-01</leafValues></_>
        <_>
          <internalNodes>
            0 -1 26 3.1058661639690399e-02</internalNodes>
          <leafValues>
            -5.5452656745910645e-01 7.2951054573059082e-01</leafValues></_>
        <_>
          <internalNodes>
            0 -1 76 -8.9738040696829557e-04</internalNodes>
          <leafValues>
            3.8366016745567322e-01 -9.6596485376358032e-01</leafValues></_>
        <_>
          <internalNodes>
            0 -1 30 2.4528654757887125e-03</internalNodes>
          <leafValues>
            -5.2837085723876953e-01 6.3375586271286011e-01</leafValues></_>
        <_>
          <internalNodes>
            0 -1 19 -9.1777760535478592e-03</internalNodes>
          <leafValues>
            4.2678415775299072e-01 -7.7338427305221558e-01</leafValues></_></weakClassifiers></_>
    <!-- stage 6 -->
    <_>
      <maxWeakCount>6</maxWeakCount>
      <stageThreshold>-8.7611073255538940e-01</stageThreshold>
      <weakClassifiers>
        <_>
          <internalNodes>
            0 -1 70 -4.5461449772119522e-02</internalNodes>
          <leafValues>
            9.4534611701965332e-01 -4.6809703111648560e-01</leafValues></_>
        <_>
          <internalNodes>
            0 -1 46 -6.5443277359008789e-02</internalNodes>
          <leafValues>
            8.5601967573165894e-01 -4.2213019728660583e-01</leafValues></_>
        <_>
          <internalNodes>
            0 -1 27 -4.6191643923521042e-02</internalNodes>
          <leafValues>
            5.1645249128341675e-01 -8.0052483081817627e-01</leafValues></_>
        <_>
          <internalNodes>
            0 -1 62 -9.5784924924373627e-03</internalNodes>
          <leafValues>
            7.7171832323074341e-01 -4.3057191371917725e-01</leafValues></_>
        <_>
          <internalNodes>
            0 -1 20 3.1168671557679772e-04</internalNodes>
          <leafValues>
            -9.9218106269836426e-01 3.7298533320426941e-01</leafValues></_>
        <_>
          <internalNodes>
            0 -1 33 8.9336186647415161e-03</internalNodes>
          <leafValues>
            -4.0286356210708618e-01 8.7222790718078613e-01</leafValues></_></weakClassifiers></_>
    <!-- stage 7 -->
    <_>
      <maxWeakCount>6</maxWeakCount>
      <stageThreshold>-1.6269727945327759e+00</stageThreshold>
      <weakClassifiers>
        <_>
          <internalNodes>
            0 -1 72 3.2150465995073318e-02</internalNodes>
          <leafValues>
            -4.5848456025123596e-01 8.9477568864822388e-01</leafValues></_>
        <_>
          <internalNodes>
            0 -1 48 -2.3093950003385544e-02</internalNodes>
          <leafValues>
            4.8455831408500671e-01 -8.2714116573333740e-01</leafValues></_>
        <_>
          <internalNodes>
            0 -1 55 6.1385817825794220e-03</internalNodes>
          <leafValues>
            -6.5873098373413086e-01 5.1138281822204590e-01</leafValues></_>
        <_>
          <internalNodes>
            0 -1 52 1.6342232702299953e-03</internalNodes>
          <leafValues>
            3.5441100597381592e-01 -8.1700336933135986e-01</leafValues></_>
        <_>
          <internalNodes>
            0 -1 44 9.4168242067098618e-03</internalNodes>
          <leafValues>
            -4.0849864482879639e-01 8.7618488073348999e-01</leafValues></_>
        <_>
          <internalNodes>
            0 -1 5 -2.7962261810898781e-02</internalNodes>
          <leafValues>
            3.7147149443626404e-01 -9.8550933599472046e-01</leafValues></_></weakClassifiers></_>
    <!-- stage 8 -->
    <_>
      <maxWeakCount>5</maxWeakCount>
      <stageThreshold>-1.5038342475891113e+00</stageThreshold>
      <weakClassifiers>
        <_>
          <internalNodes>
            0 -1 34 1.2921314686536789e-02</internalNodes>
          <leafValues>
            -5.9996211528778076e-01 6.7100942134857178e-01</leafValues></_>
        <_>
          <internalNodes>
            0 -1 15 7.7625358244404197e-05</internalNodes>
          <leafValues>
            -7.7305412292480469e-01 5.1421833038330078e-01</leafValues></_>
        <_>
          <internalNodes>
            0 -1 0 -1.6657351516187191e-03</internalNodes>
          <leafValues>
            -9.5809835195541382e-01 3.4208428859710693e-01</leafValues></_>
        <_>
          <internalNodes>
            0 -1 57 -1.2179560959339142e-02</internalNodes>
          <leafValues>
            4.0801122784614563e-01 -7.7356255054473877e-01</leafValues></_>
        <_>
          <internalNodes>
            0 -1 40 4.2183334007859230e-03</internalNodes>
          <leafValues>
            -9.0515327453613281e-01 3.0066028237342834e-01</leafValues></_></weakClassifiers></_>
    <!-- stage 9 -->
    <_>
      <maxWeakCount>7</maxWeakCount>
      <stageThreshold>-1.5603801012039185e+00</stageThreshold>
      <weakClassifiers>
        <_>
          <internalNodes>
            0 -1 17 6.2075585126876831e-02</internalNodes>
          <leafValues>
            -7.4155724048614502e-01 5.5125522613525391e-01</leafValues></_>
        <_>
          <internalNodes>
            0 -1 65 -1.5203098300844431e-03</internalNodes>
          <leafValues>
            3.6748242378234863e-01 -8.4767746925354004e-01</leafValues></_>
        <_>
          <internalNodes>
            0 -1 32 1.5640620142221451e-02</internalNodes>
          <leafValues>
            -4.0895187854766846e-01 9.1364949941635132e-01</leafValues></_>
        <_>
          <internalNodes>
            0 -1 61 9.3917362391948700e-03</internalNodes>
          <leafValues>
            -8.5501337051391602e-01 3.8921293616294861e-01</leafValues></_>
        <_>
          <internalNodes>
            0 -1 29 4.8115616664290428e-03</internalNodes>
          <leafValues>
            -4.6967014670372009e-01 6.6753089427947998e-01</leafValues></_>
        <_>
          <internalNodes>
            0 -1 6 -2.4910157080739737e-03</internalNodes>
          <leafValues>
            3.1332233548164368e-01 -9.6413010358810425e-01</leafValues></_>
        <_>
          <internalNodes>
            0 -1 71 1.9469032995402813e-03</internalNodes>
          <leafValues>
            2.3400780558586121e-01 -9.5555239915847778e-01</leafValues></_></weakClassifiers></_>
    <!-- stage 10 -->
    <_>
      <maxWeakCount>8</maxWeakCount>
      <stageThreshold>-1.5423036813735962e+00</stageThreshold>
      <weakClassifiers>
        <_>
          <internalNodes>
            0 -1 73 1.7303004860877991e-02</internalNodes>
          <leafValues>
            -4.1899845004081726e-01 9.4326585531234741e-01</leafValues></_>
        <_>
          <internalNodes>
            0 -1 41 -2.0291313529014587e-02</internalNodes>
          <leafValues>
            4.3605232238769531e-01 -8.5503083467483521e-01</leafValues></_>
        <_>
          <internalNodes>
            0 -1 13 -6.1970078386366367e-03</internalNodes>
          <leafValues>
            2.7560806274414062e-01 -9.3642616271972656e-01</leafValues></_>
        <_>
          <internalNodes>
            0 -1 21 5.7556466344976798e-05</internalNodes>
          <leafValues>
            -8.2540506124496460e-01 3.3710715174674988e-01</leafValues></_>
        <_>
          <internalNodes>
            0 -1 35 9.4352783635258675e-03</internalNodes>
          <leafValues>
            -8.3916193246841431e-01 2.9417520761489868e-01</leafValues></_>
        <_>
          <internalNodes>
            0 -1 50 3.7514581345021725e-04</internalNodes>
          <leafValues>
            3.9901593327522278e-01 -7.1290546655654907e-01</leafValues></_>
        <_>
          <internalNodes>
            0 -1 56 6.1453208327293396e-03</internalNodes>
          <leafValues>
            -6.1333018541336060e-01 4.8755893111228943e-01</leafValues></_>
        <_>
          <internalNodes>
            0 -1 11 4.3312367051839828e-03</internalNodes>
          <leafValues>
            2.5118371844291687e-01 -9.7131061553955078e-01</leafValues></_></weakClassifiers></_>
    <!-- stage 11 -->
    <_>
      <maxWeakCount>7</maxWeakCount>
      <stageThreshold>-1.2990099191665649e+00</stageThreshold>
      <weakClassifiers>
        <_>
          <internalNodes>
            0 -1 68 -2.5970727205276489e-02</internalNodes>
          <leafValues>
            8.9605236053466797e-01 -4.6175700426101685e-01</leafValues></_>
        <_>
          <internalNodes>
            0 -1 22 6.5531792643014342e-05</internalNodes>
          <leafValues>
            -9.1298061609268188e-01 4.3431386351585388e-01</leafValues></_>
        <_>
          <internalNodes>
            0 -1 43 4.9609579145908356e-03</internalNodes>
          <leafValues>
            -4.1230624914169312e-01 9.5504659414291382e-01</leafValues></_>
        <_>
          <internalNodes>
            0 -1 54 -1.6383768990635872e-02</internalNodes>
          <leafValues>
            6.8056184053421021e-01 -5.9255540370941162e-01</leafValues></_>
        <_>
          <internalNodes>
            0 -1 23 3.5361736081540585e-03</internalNodes>
          <leafValues>
            5.3408640623092651e-01 -8.4407925605773926e-01</leafValues></_>
        <_>
          <internalNodes>
            0 -1 51 1.8262528465129435e-04</internalNodes>
          <leafValues>
            -8.6969214677810669e-01 2.8770363330841064e-01</leafValues></_>
        <_>
          <internalNodes>
            0 -1 75 8.9427828788757324e-04</internalNodes>
          <leafValues>
            2.8967046737670898e-01 -9.1800755262374878e-01</leafValues></_></weakClassifiers></_>
    <!-- stage 12 -->
    <_>
      <maxWeakCount>6</maxWeakCount>
      <stageThreshold>-9.7813069820404053e-01</stageThreshold>
      <weakClassifiers>
        <_>
          <internalNodes>
            0 -1 60 -6.9524548947811127e-02</internalNodes>
          <leafValues>
            7.6215589046478271e-01 -5.7819300889968872e-01</leafValues></_>
        <_>
          <internalNodes>
            0 -1 31 -1.0146435815840960e-03</internalNodes>
          <leafValues>
            -7.8619509935379028e-01 4.7591850161552429e-01</leafValues></_>
        <_>
          <internalNodes>
            0 -1 49 -2.2628018632531166e-04</internalNodes>
          <leafValues>
            3.6054444313049316e-01 -8.9831745624542236e-01</leafValues></_>
        <_>
          <internalNodes>
            0 -1 24 1.0825877543538809e-03</internalNodes>
          <leafValues>
            -8.9206224679946899e-01 3.3831951022148132e-01</leafValues></_>
        <_>
          <internalNodes>
            0 -1 38 8.6825359612703323e-03</internalNodes>
          <leafValues>
            -6.0895276069641113e-01 5.5977988243103027e-01</leafValues></_>
        <_>
          <internalNodes>
            0 -1 59 -9.6068624407052994e-03</internalNodes>
          <leafValues>
            -9.6576738357543945e-01 4.0154090523719788e-01</leafValues></_></weakClassifiers></_>
    <!-- stage 13 -->
    <_>
      <maxWeakCount>5</maxWeakCount>
      <stageThreshold>-1.0858324766159058e+00</stageThreshold>
      <weakClassifiers>
        <_>
          <internalNodes>
            0 -1 63 -6.5167536959052086e-03</internalNodes>
          <leafValues>
            6.3427525758743286e-01 -8.4914928674697876e-01</leafValues></_>
        <_>
          <internalNodes>
            0 -1 66 2.4624937213957310e-03</internalNodes>
          <leafValues>
            -6.5134811401367188e-01 8.8703751564025879e-01</leafValues></_>
        <_>
          <internalNodes>
            0 -1 74 4.4595720246434212e-03</internalNodes>
          <leafValues>
            6.3864171504974365e-01 -9.4119453430175781e-01</leafValues></_>
        <_>
          <internalNodes>
            0 -1 14 -2.4596496950834990e-04</internalNodes>
          <leafValues>
            -8.3146286010742188e-01 5.5226647853851318e-01</leafValues></_>
        <_>
          <internalNodes>
            0 -1 8 -3.4409038722515106e-02</internalNodes>
          <leafValues>
            7.2217071056365967e-01 -6.7983150482177734e-01</leafValues></_></weakClassifiers></_></stages>
  <features>
    <_>
      <rects>
        <_>
          0 0 2 34 -1.</_>
        <_>
          1 0 1 34 2.</_></rects>
      <tilted>0</tilted></_>
    <_>
      <rects>
        <_>
          0 1 14 18 -1.</_>
        <_>
          0 1 7 9 2.</_>
        <_>
          7 10 7 9 2.</_></rects>
      <tilted>0</tilted></_>
    <_>
      <rects>
        <_>
          0 2 24 6 -1.</_>
        <_>
          8 2 8 6 3.</_></rects>
      <tilted>0</tilted></_>
    <_>
      <rects>
        <_>
          0 3 3 36 -1.</_>
        <_>
          0 15 3 12 3.</_></rects>
      <tilted>0</tilted></_>
    <_>
      <rects>
        <_>
          0 3 8 33 -1.</_>
        <_>
          4 3 4 33 2.</_></rects>
      <tilted>0</tilted></_>
    <_>
      <rects>
        <_>
          0 3 8 36 -1.</_>
        <_>
          4 3 4 36 2.</_></rects>
      <tilted>0</tilted></_>
    <_>
      <rects>
        <_>
          0 7 2 12 -1.</_>
        <_>
          0 13 2 6 2.</_></rects>
      <tilted>0</tilted></_>
    <_>
      <rects>
        <_>
          0 9 9 15 -1.</_>
        <_>
          3 9 3 15 3.</_></rects>
      <tilted>0</tilted></_>
    <_>
      <rects>
        <_>
          0 10 9 9 -1.</_>
        <_>
          3 10 3 9 3.</_></rects>
      <tilted>0</tilted></_>
    <_>
      <rects>
        <_>
          0 10 9 14 -1.</_>
        <_>
          3 10 3 14 3.</_></rects>
      <tilted>0</tilted></_>
    <_>
      <rects>
        <_>
          0 10 6 18 -1.</_>
        <_>
          3 10 3 18 2.</_></rects>
      <tilted>0</tilted></_>
    <_>
      <rects>
        <_>
          0 15 2 24 -1.</_>
        <_>
          0 23 2 8 3.</_></rects>
      <tilted>0</tilted></_>
    <_>
      <rects>
        <_>
          0 21 8 11 -1.</_>
        <_>
          4 21 4 11 2.</_></rects>
      <tilted>0</tilted></_>
    <_>
      <rects>
        <_>
          0 24 8 12 -1.</_>
        <_>
          4 24 4 12 2.</_></rects>
      <tilted>0</tilted></_>
    <_>
      <rects>
        <_>
          0 30 4 5 -1.</_>
        <_>
          2 30 2 5 2.</_></rects>
      <tilted>0</tilted></_>
    <_>
      <rects>
        <_>
          0 33 6 2 -1.</_>
        <_>
          3 33 3 2 2.</_></rects>
      <tilted>0</tilted></_>
    <_>
      <rects>
        <_>
          0 37 16 2 -1.</_>
        <_>
          8 37 8 2 2.</_></rects>
      <tilted>0</tilted></_>
    <_>
      <rects>
        <_>
          1 1 14 14 -1.</_>
        <_>
          1 1 7 7 2.</_>
        <_>
          8 8 7 7 2.</_></rects>
      <tilted>0</tilted></_>
    <_>
      <rects>
        <_>
          1 2 12 12 -1.</_>
        <_>
          1 2 6 6 2.</_>
        <_>
          7 8 6 6 2.</_></rects>
      <tilted>0</tilted></_>
    <_>
      <rects>
        <_>
          1 18 9 5 -1.</_>
        <_>
          4 18 3 5 3.</_></rects>
      <tilted>0</tilted></_>
    <_>
      <rects>
        <_>
          1 31 8 8 -1.</_>
        <_>
          1 35 8 4 2.</_></rects>
      <tilted>0</tilted></_>
    <_>
      <rects>
        <_>
          1 35 8 3 -1.</_>
        <_>
          5 35 4 3 2.</_></rects>
      <tilted>0</tilted></_>
    <_>
      <rects>
        <_>
          2 0 2 12 -1.</_>
        <_>
          2 4 2 4 3.</_></rects>
      <tilted>0</tilted></_>
    <_>
      <rects>
        <_>
          2 23 1 16 -1.</_>
        <_>
          2 31 1 8 2.</_></rects>
      <tilted>0</tilted></_>
    <_>
      <rects>
        <_>
          2 37 10 2 -1.</_>
        <_>
          7 37 5 2 2.</_></rects>
      <tilted>0</tilted></_>
    <_>
      <rects>
        <_>
          3 0 8 8 -1.</_>
        <_>
          3 4 8 4 2.</_></rects>
      <tilted>0</tilted></_>
    <_>
      <rects>
        <_>
          3 2 6 14 -1.</_>
        <_>
          3 2 3 7 2.</_>
        <_>
          6 9 3 7 2.</_></rects>
      <tilted>0</tilted></_>
    <_>
      <rects>
        <_>
          3 3 3 36 -1.</_>
        <_>
          3 15 3 12 3.</_></rects>
      <tilted>0</tilted></_>
    <_>
      <rects>
        <_>
          3 10 3 6 -1.</_>
        <_>
          4 10 1 6 3.</_></rects>
      <tilted>0</tilted></_>
    <_>
      <rects>
        <_>
          3 10 3 8 -1.</_>
        <_>
          4 10 1 8 3.</_></rects>
      <tilted>0</tilted></_>
    <_>
      <rects>
        <_>
          3 11 3 4 -1.</_>
        <_>
          4 11 1 4 3.</_></rects>
      <tilted>0</tilted></_>
    <_>
      <rects>
        <_>
          3 27 2 12 -1.</_>
        <_>
          3 31 2 4 3.</_></rects>
      <tilted>0</tilted></_>
    <_>
      <rects>
        <_>
          4 7 2 16 -1.</_>
        <_>
          5 7 1 16 2.</_></rects>
      <tilted>0</tilted></_>
    <_>
      <rects>
        <_>
          4 8 3 15 -1.</_>
        <_>
          5 8 1 15 3.</_></rects>
      <tilted>0</tilted></_>
    <_>
      <rects>
        <_>
          4 12 6 13 -1.</_>
        <_>
          6 12 2 13 3.</_></rects>
      <tilted>0</tilted></_>
    <_>
      <rects>
        <_>
          4 15 6 9 -1.</_>
        <_>
          7 15 3 9 2.</_></rects>
      <tilted>0</tilted></_>
    <_>
      <rects>
        <_>
          4 15 9 10 -1.</_>
        <_>
          4 20 9 5 2.</_></rects>
      <tilted>0</tilted></_>
    <_>
      <rects>
        <_>
          4 17 11 10 -1.</_>
        <_>
          4 22 11 5 2.</_></rects>
      <tilted>0</tilted></_>
    <_>
      <rects>
        <_>
          4 18 6 7 -1.</_>
        <_>
          6 18 2 7 3.</_></rects>
      <tilted>0</tilted></_>
    <_>
      <rects>
        <_>
          4 19 6 3 -1.</_>
        <_>
          7 19 3 3 2.</_></rects>
      <tilted>0</tilted></_>
    <_>
      <rects>
        <_>
          4 36 18 2 -1.</_>
        <_>
          10 36 6 2 3.</_></rects>
      <tilted>0</tilted></_>
    <_>
      <rects>
        <_>
          5 0 8 12 -1.</_>
        <_>
          5 4 8 4 3.</_></rects>
      <tilted>0</tilted></_>
    <_>
      <rects>
        <_>
          5 0 19 8 -1.</_>
        <_>
          5 4 19 4 2.</_></rects>
      <tilted>0</tilted></_>
    <_>
      <rects>
        <_>
          5 3 8 2 -1.</_>
        <_>
          5 3 4 1 2.</_>
        <_>
          9 4 4 1 2.</_></rects>
      <tilted>0</tilted></_>
    <_>
      <rects>
        <_>
          5 5 2 12 -1.</_>
        <_>
          5 5 1 6 2.</_>
        <_>
          6 11 1 6 2.</_></rects>
      <tilted>0</tilted></_>
    <_>
      <rects>
        <_>
          5 23 12 16 -1.</_>
        <_>
          5 31 12 8 2.</_></rects>
      <tilted>0</tilted></_>
    <_>
      <rects>
        <_>
          6 0 11 9 -1.</_>
        <_>
          6 3 11 3 3.</_></rects>
      <tilted>0</tilted></_>
    <_>
      <rects>
        <_>
          6 0 13 6 -1.</_>
        <_>
          6 3 13 3 2.</_></rects>
      <tilted>0</tilted></_>
    <_>
      <rects>
        <_>
          6 2 16 12 -1.</_>
        <_>
          6 2 8 6 2.</_>
        <_>
          14 8 8 6 2.</_></rects>
      <tilted>0</tilted></_>
    <_>
      <rects>
        <_>
          6 13 2 6 -1.</_>
        <_>
          6 16 2 3 2.</_></rects>
      <tilted>0</tilted></_>
    <_>
      <rects>
        <_>
          7 11 2 11 -1.</_>
        <_>
          8 11 1 11 2.</_></rects>
      <tilted>0</tilted></_>
    <_>
      <rects>
        <_>
          7 36 8 1 -1.</_>
        <_>
          11 36 4 1 2.</_></rects>
      <tilted>0</tilted></_>
    <_>
      <rects>
        <_>
          8 0 16 1 -1.</_>
        <_>
          16 0 8 1 2.</_></rects>
      <tilted>0</tilted></_>
    <_>
      <rects>
        <_>
          8 2 16 12 -1.</_>
        <_>
          8 2 8 6 2.</_>
        <_>
          16 8 8 6 2.</_></rects>
      <tilted>0</tilted></_>
    <_>
      <rects>
        <_>
          9 3 8 8 -1.</_>
        <_>
          9 3 4 4 2.</_>
        <_>
          13 7 4 4 2.</_></rects>
      <tilted>0</tilted></_>
    <_>
      <rects>
        <_>
          9 30 4 9 -1.</_>
        <_>
          11 30 2 9 2.</_></rects>
      <tilted>0</tilted></_>
    <_>
      <rects>
        <_>
          9 31 4 8 -1.</_>
        <_>
          11 31 2 8 2.</_></rects>
      <tilted>0</tilted></_>
    <_>
      <rects>
        <_>
          11 0 5 6 -1.</_>
        <_>
          11 3 5 3 2.</_></rects>
      <tilted>0</tilted></_>
    <_>
      <rects>
        <_>
          11 3 4 10 -1.</_>
        <_>
          11 8 4 5 2.</_></rects>
      <tilted>0</tilted></_>
    <_>
      <rects>
        <_>
          11 5 11 34 -1.</_>
        <_>
          11 22 11 17 2.</_></rects>
      <tilted>0</tilted></_>
    <_>
      <rects>
        <_>
          12 2 12 18 -1.</_>
        <_>
          12 2 6 9 2.</_>
        <_>
          18 11 6 9 2.</_></rects>
      <tilted>0</tilted></_>
    <_>
      <rects>
        <_>
          12 3 12 22 -1.</_>
        <_>
          18 3 6 22 2.</_></rects>
      <tilted>0</tilted></_>
    <_>
      <rects>
        <_>
          12 4 4 6 -1.</_>
        <_>
          12 4 2 3 2.</_>
        <_>
          14 7 2 3 2.</_></rects>
      <tilted>0</tilted></_>
    <_>
      <rects>
        <_>
          12 13 4 14 -1.</_>
        <_>
          12 20 4 7 2.</_></rects>
      <tilted>0</tilted></_>
    <_>
      <rects>
        <_>
          12 13 9 26 -1.</_>
        <_>
          12 26 9 13 2.</_></rects>
      <tilted>0</tilted></_>
    <_>
      <rects>
        <_>
          12 17 1 10 -1.</_>
        <_>
          12 22 1 5 2.</_></rects>
      <tilted>0</tilted></_>
    <_>
      <rects>
        <_>
          15 12 6 3 -1.</_>
        <_>
          17 12 2 3 3.</_></rects>
      <tilted>0</tilted></_>
    <_>
      <rects>
        <_>
          15 12 6 19 -1.</_>
        <_>
          17 12 2 19 3.</_></rects>
      <tilted>0</tilted></_>
    <_>
      <rects>
        <_>
          17 13 6 6 -1.</_>
        <_>
          19 13 2 6 3.</_></rects>
      <tilted>0</tilted></_>
    <_>
      <rects>
        <_>
          17 13 6 9 -1.</_>
        <_>
          19 13 2 9 3.</_></rects>
      <tilted>0</tilted></_>
    <_>
      <rects>
        <_>
          17 13 6 11 -1.</_>
        <_>
          19 13 2 11 3.</_></rects>
      <tilted>0</tilted></_>
    <_>
      <rects>
        <_>
          18 0 6 4 -1.</_>
        <_>
          21 0 3 4 2.</_></rects>
      <tilted>0</tilted></_>
    <_>
      <rects>
        <_>
          19 12 4 13 -1.</_>
        <_>
          21 12 2 13 2.</_></rects>
      <tilted>0</tilted></_>
    <_>
      <rects>
        <_>
          20 10 3 13 -1.</_>
        <_>
          21 10 1 13 3.</_></rects>
      <tilted>0</tilted></_>
    <_>
      <rects>
        <_>
          21 2 2 15 -1.</_>
        <_>
          21 7 2 5 3.</_></rects>
      <tilted>0</tilted></_>
    <_>
      <rects>
        <_>
          22 3 2 10 -1.</_>
        <_>
          23 3 1 10 2.</_></rects>
      <tilted>0</tilted></_>
    <_>
      <rects>
        <_>
          23 4 1 20 -1.</_>
        <_>
          23 14 1 10 2.</_></rects>
      <tilted>0</tilted></_></features></cascade>
</opencv_storage>
