<?xml version="1.0"?>
<opencv_storage>
<cascade>
  <stageType>BOOST</stageType>
  <featureType>HAAR</featureType>
  <height>32</height>
  <width>17</width>
  <stageParams>
    <boostType>GAB</boostType>
    <minHitRate>9.9900001287460327e-01</minHitRate>
    <maxFalseAlarm>5.0000000000000000e-01</maxFalseAlarm>
    <weightTrimRate>9.4999999999999996e-01</weightTrimRate>
    <maxDepth>1</maxDepth>
    <maxWeakCount>100</maxWeakCount></stageParams>
  <featureParams>
    <maxCatCount>0</maxCatCount>
    <featSize>1</featSize>
    <mode>BASIC</mode></featureParams>
  <stageNum>17</stageNum>
  <stages>
    <!-- stage 0 -->
    <_>
      <maxWeakCount>5</maxWeakCount>
      <stageThreshold>-1.5762193202972412e+00</stageThreshold>
      <weakClassifiers>
        <_>
          <internalNodes>
            0 -1 12 -1.1658050119876862e-01</internalNodes>
          <leafValues>
            7.0845741033554077e-01 -9.4334340095520020e-01</leafValues></_>
        <_>
          <internalNodes>
            0 -1 98 1.9973598420619965e-02</internalNodes>
          <leafValues>
            -7.7477461099624634e-01 6.2422996759414673e-01</leafValues></_>
        <_>
          <internalNodes>
            0 -1 80 -4.9996584653854370e-02</internalNodes>
          <leafValues>
            4.6062338352203369e-01 -8.8452768325805664e-01</leafValues></_>
        <_>
          <internalNodes>
            0 -1 190 -8.3463388727977872e-04</internalNodes>
          <leafValues>
            4.4502755999565125e-01 -8.1705462932586670e-01</leafValues></_>
        <_>
          <internalNodes>
            0 -1 34 -3.3637762069702148e-02</internalNodes>
          <leafValues>
            5.8139884471893311e-01 -6.9490832090377808e-01</leafValues></_></weakClassifiers></_>
    <!-- stage 1 -->
    <_>
      <maxWeakCount>5</maxWeakCount>
      <stageThreshold>-1.4603513479232788e+00</stageThreshold>
      <weakClassifiers>
        <_>
          <internalNodes>
            0 -1 117 -1.0586844384670258e-01</internalNodes>
          <leafValues>
            7.4949210882186890e-01 -6.7659378051757812e-01</leafValues></_>
        <_>
          <internalNodes>
            0 -1 171 -1.1805646121501923e-02</internalNodes>
          <leafValues>
            5.6823766231536865e-01 -6.4862668514251709e-01</leafValues></_>
        <_>
          <internalNodes>
            0 -1 95 1.8613839522004128e-02</internalNodes>
          <leafValues>
            -7.3144227266311646e-01 4.7801071405410767e-01</leafValues></_>
        <_>
          <internalNodes>
            0 -1 40 -1.6601350158452988e-02</internalNodes>
          <leafValues>
            3.5021874308586121e-01 -9.5010054111480713e-01</leafValues></_>
        <_>
          <internalNodes>
            0 -1 71 2.1118756383657455e-02</internalNodes>
          <leafValues>
            -9.2551875114440918e-01 3.3695894479751587e-01</leafValues></_></weakClassifiers></_>
    <!-- stage 2 -->
    <_>
      <maxWeakCount>7</maxWeakCount>
      <stageThreshold>-1.5192261934280396e+00</stageThreshold>
      <weakClassifiers>
        <_>
          <internalNodes>
            0 -1 72 -2.8949868679046631e-01</internalNodes>
          <leafValues>
            6.7444515228271484e-01 -7.2347998619079590e-01</leafValues></_>
        <_>
          <internalNodes>
            0 -1 16 2.1436370909214020e-02</internalNodes>
          <leafValues>
            -7.1679967641830444e-01 4.9777707457542419e-01</leafValues></_>
        <_>
          <internalNodes>
            0 -1 167 -2.4106234777718782e-03</internalNodes>
          <leafValues>
            4.8005756735801697e-01 -5.9057176113128662e-01</leafValues></_>
        <_>
          <internalNodes>
            0 -1 96 5.2543338388204575e-02</internalNodes>
          <leafValues>
            -5.1432740688323975e-01 4.9969288706779480e-01</leafValues></_>
        <_>
          <internalNodes>
            0 -1 62 -2.5264810770750046e-02</internalNodes>
          <leafValues>
            3.3916336297988892e-01 -7.9933923482894897e-01</leafValues></_>
        <_>
          <internalNodes>
            0 -1 195 -2.4373691994696856e-03</internalNodes>
          <leafValues>
            3.4455457329750061e-01 -6.2609499692916870e-01</leafValues></_>
        <_>
          <internalNodes>
            0 -1 59 -3.4891339018940926e-03</internalNodes>
          <leafValues>
            3.6673721671104431e-01 -6.3770449161529541e-01</leafValues></_></weakClassifiers></_>
    <!-- stage 3 -->
    <_>
      <maxWeakCount>9</maxWeakCount>
      <stageThreshold>-2.0369756221771240e+00</stageThreshold>
      <weakClassifiers>
        <_>
          <internalNodes>
            0 -1 126 7.4546337127685547e-03</internalNodes>
          <leafValues>
            -7.3619055747985840e-01 6.0534161329269409e-01</leafValues></_>
        <_>
          <internalNodes>
            0 -1 24 -6.8558407947421074e-03</internalNodes>
          <leafValues>
            3.6692938208580017e-01 -7.2714316844940186e-01</leafValues></_>
        <_>
          <internalNodes>
            0 -1 151 -1.0848890990018845e-01</internalNodes>
          <leafValues>
            6.0750114917755127e-01 -4.4186687469482422e-01</leafValues></_>
        <_>
          <internalNodes>
            0 -1 49 1.9398825243115425e-02</internalNodes>
          <leafValues>
            -9.1401398181915283e-01 2.7680969238281250e-01</leafValues></_>
        <_>
          <internalNodes>
            0 -1 53 2.4487916380167007e-02</internalNodes>
          <leafValues>
            -6.0312640666961670e-01 3.5786139965057373e-01</leafValues></_>
        <_>
          <internalNodes>
            0 -1 68 -1.3748799450695515e-02</internalNodes>
          <leafValues>
            2.5361132621765137e-01 -8.5101497173309326e-01</leafValues></_>
        <_>
          <internalNodes>
            0 -1 149 -5.7115890085697174e-03</internalNodes>
          <leafValues>
            3.5205093026161194e-01 -5.5356198549270630e-01</leafValues></_>
        <_>
          <internalNodes>
            0 -1 55 -3.5957179963588715e-02</internalNodes>
          <leafValues>
            1.9680891931056976e-01 -8.8401126861572266e-01</leafValues></_>
        <_>
          <internalNodes>
            0 -1 192 -3.6853593774139881e-03</internalNodes>
          <leafValues>
            3.0382269620895386e-01 -6.6330444812774658e-01</leafValues></_></weakClassifiers></_>
    <!-- stage 4 -->
    <_>
      <maxWeakCount>11</maxWeakCount>
      <stageThreshold>-2.1697840690612793e+00</stageThreshold>
      <weakClassifiers>
        <_>
          <internalNodes>
            0 -1 22 2.5864462368190289e-03</internalNodes>
          <leafValues>
            -7.4619477987289429e-01 4.0629094839096069e-01</leafValues></_>
        <_>
          <internalNodes>
            0 -1 119 -1.6283014416694641e-01</internalNodes>
          <leafValues>
            6.1134189367294312e-01 -4.9693337082862854e-01</leafValues></_>
        <_>
          <internalNodes>
            0 -1 184 -4.0083630010485649e-03</internalNodes>
          <leafValues>
            4.1580611467361450e-01 -6.0760766267776489e-01</leafValues></_>
        <_>
          <internalNodes>
            0 -1 93 -2.9247701168060303e-03</internalNodes>
          <leafValues>
            2.6697218418121338e-01 -7.1995979547500610e-01</leafValues></_>
        <_>
          <internalNodes>
            0 -1 14 -4.1998643428087234e-03</internalNodes>
          <leafValues>
            2.0653636753559113e-01 -7.9632091522216797e-01</leafValues></_>
        <_>
          <internalNodes>
            0 -1 4 -1.8458485137671232e-03</internalNodes>
          <leafValues>
            4.7740453481674194e-01 -3.5815644264221191e-01</leafValues></_>
        <_>
          <internalNodes>
            0 -1 175 -3.5424539819359779e-03</internalNodes>
          <leafValues>
            3.3835217356681824e-01 -4.9450662732124329e-01</leafValues></_>
        <_>
          <internalNodes>
            0 -1 87 -9.0106826974079013e-04</internalNodes>
          <leafValues>
            4.4101768732070923e-01 -3.8884899020195007e-01</leafValues></_>
        <_>
          <internalNodes>
            0 -1 154 -2.0058490335941315e-02</internalNodes>
          <leafValues>
            3.5016927123069763e-01 -5.2851849794387817e-01</leafValues></_>
        <_>
          <internalNodes>
            0 -1 66 -1.2959759915247560e-03</internalNodes>
          <leafValues>
            1.3466566801071167e-01 -8.6284691095352173e-01</leafValues></_>
        <_>
          <internalNodes>
            0 -1 15 -3.7788912653923035e-02</internalNodes>
          <leafValues>
            -8.6209344863891602e-01 1.6328220069408417e-01</leafValues></_></weakClassifiers></_>
    <!-- stage 5 -->
    <_>
      <maxWeakCount>11</maxWeakCount>
      <stageThreshold>-1.9246605634689331e+00</stageThreshold>
      <weakClassifiers>
        <_>
          <internalNodes>
            0 -1 61 2.4800341576337814e-02</internalNodes>
          <leafValues>
            -6.3159763813018799e-01 5.1688629388809204e-01</leafValues></_>
        <_>
          <internalNodes>
            0 -1 179 -2.8451972175389528e-03</internalNodes>
          <leafValues>
            3.1462123990058899e-01 -7.8828400373458862e-01</leafValues></_>
        <_>
          <internalNodes>
            0 -1 147 1.7598614096641541e-02</internalNodes>
          <leafValues>
            -7.3648977279663086e-01 2.6698845624923706e-01</leafValues></_>
        <_>
          <internalNodes>
            0 -1 37 -2.2809807211160660e-02</internalNodes>
          <leafValues>
            2.1296854317188263e-01 -7.8655135631561279e-01</leafValues></_>
        <_>
          <internalNodes>
            0 -1 156 2.3488266742788255e-04</internalNodes>
          <leafValues>
            -6.9369798898696899e-01 2.4702380597591400e-01</leafValues></_>
        <_>
          <internalNodes>
            0 -1 47 1.0641619563102722e-02</internalNodes>
          <leafValues>
            -3.7214013934135437e-01 4.2934408783912659e-01</leafValues></_>
        <_>
          <internalNodes>
            0 -1 150 2.3520912975072861e-02</internalNodes>
          <leafValues>
            -3.1350877881050110e-01 5.6022602319717407e-01</leafValues></_>
        <_>
          <internalNodes>
            0 -1 109 -4.6318070963025093e-04</internalNodes>
          <leafValues>
            1.9153606891632080e-01 -9.0700209140777588e-01</leafValues></_>
        <_>
          <internalNodes>
            0 -1 124 -3.8933217525482178e-02</internalNodes>
          <leafValues>
            8.7487947940826416e-01 -2.1851164102554321e-01</leafValues></_>
        <_>
          <internalNodes>
            0 -1 8 8.1126540899276733e-03</internalNodes>
          <leafValues>
            -4.4201302528381348e-01 3.8321974873542786e-01</leafValues></_>
        <_>
          <internalNodes>
            0 -1 89 -4.4991995673626661e-04</internalNodes>
          <leafValues>
            2.3640245199203491e-01 -8.1602799892425537e-01</leafValues></_></weakClassifiers></_>
    <!-- stage 6 -->
    <_>
      <maxWeakCount>12</maxWeakCount>
      <stageThreshold>-2.5086588859558105e+00</stageThreshold>
      <weakClassifiers>
        <_>
          <internalNodes>
            0 -1 125 7.4397409334778786e-03</internalNodes>
          <leafValues>
            -6.2504124641418457e-01 6.2615811824798584e-01</leafValues></_>
        <_>
          <internalNodes>
            0 -1 194 -3.1029876321554184e-02</internalNodes>
          <leafValues>
            3.7763926386833191e-01 -7.4227768182754517e-01</leafValues></_>
        <_>
          <internalNodes>
            0 -1 3 1.3820001855492592e-02</internalNodes>
          <leafValues>
            -6.0082185268402100e-01 3.9307472109794617e-01</leafValues></_>
        <_>
          <internalNodes>
            0 -1 83 -6.5819211304187775e-03</internalNodes>
          <leafValues>
            4.5636698603630066e-01 -4.6492651104927063e-01</leafValues></_>
        <_>
          <internalNodes>
            0 -1 186 -3.5377469612285495e-04</internalNodes>
          <leafValues>
            3.4921625256538391e-01 -5.3192383050918579e-01</leafValues></_>
        <_>
          <internalNodes>
            0 -1 165 -2.6635511312633753e-04</internalNodes>
          <leafValues>
            4.7261381149291992e-01 -3.9104613661766052e-01</leafValues></_>
        <_>
          <internalNodes>
            0 -1 56 -5.6981975212693214e-03</internalNodes>
          <leafValues>
            3.3722361922264099e-01 -5.7091099023818970e-01</leafValues></_>
        <_>
          <internalNodes>
            0 -1 32 3.7714006612077355e-04</internalNodes>
          <leafValues>
            -6.6022348403930664e-01 2.1926479041576385e-01</leafValues></_>
        <_>
          <internalNodes>
            0 -1 45 2.5367513298988342e-03</internalNodes>
          <leafValues>
            1.7381279170513153e-01 -7.8247404098510742e-01</leafValues></_>
        <_>
          <internalNodes>
            0 -1 133 5.3815497085452080e-03</internalNodes>
          <leafValues>
            -3.1570100784301758e-01 5.4803645610809326e-01</leafValues></_>
        <_>
          <internalNodes>
            0 -1 38 -5.6737991981208324e-03</internalNodes>
          <leafValues>
            2.2583264112472534e-01 -7.5355464220046997e-01</leafValues></_>
        <_>
          <internalNodes>
            0 -1 82 1.4508186839520931e-02</internalNodes>
          <leafValues>
            -9.1713124513626099e-01 1.5904261171817780e-01</leafValues></_></weakClassifiers></_>
    <!-- stage 7 -->
    <_>
      <maxWeakCount>11</maxWeakCount>
      <stageThreshold>-1.9938303232192993e+00</stageThreshold>
      <weakClassifiers>
        <_>
          <internalNodes>
            0 -1 48 -3.9795592427253723e-02</internalNodes>
          <leafValues>
            3.8192167878150940e-01 -7.8058683872222900e-01</leafValues></_>
        <_>
          <internalNodes>
            0 -1 189 -2.3121228150557727e-04</internalNodes>
          <leafValues>
            4.0820765495300293e-01 -6.1214739084243774e-01</leafValues></_>
        <_>
          <internalNodes>
            0 -1 120 -1.5860158205032349e-01</internalNodes>
          <leafValues>
            4.6511071920394897e-01 -4.7449445724487305e-01</leafValues></_>
        <_>
          <internalNodes>
            0 -1 183 -2.9022712260484695e-04</internalNodes>
          <leafValues>
            3.3822187781333923e-01 -7.5177013874053955e-01</leafValues></_>
        <_>
          <internalNodes>
            0 -1 54 -3.4567862167023122e-04</internalNodes>
          <leafValues>
            3.5906043648719788e-01 -5.4108804464340210e-01</leafValues></_>
        <_>
          <internalNodes>
            0 -1 41 -3.6839079111814499e-03</internalNodes>
          <leafValues>
            1.8001665174961090e-01 -8.7727648019790649e-01</leafValues></_>
        <_>
          <internalNodes>
            0 -1 177 3.6292569711804390e-04</internalNodes>
          <leafValues>
            -5.9458196163177490e-01 1.9983878731727600e-01</leafValues></_>
        <_>
          <internalNodes>
            0 -1 170 -1.7004270106554031e-02</internalNodes>
          <leafValues>
            3.4915167093276978e-01 -4.2346268892288208e-01</leafValues></_>
        <_>
          <internalNodes>
            0 -1 138 3.7120003253221512e-04</internalNodes>
          <leafValues>
            -4.2250779271125793e-01 3.5460197925567627e-01</leafValues></_>
        <_>
          <internalNodes>
            0 -1 46 9.7297690808773041e-03</internalNodes>
          <leafValues>
            -9.5647621154785156e-01 1.6242621839046478e-01</leafValues></_>
        <_>
          <internalNodes>
            0 -1 39 -2.8185063274577260e-04</internalNodes>
          <leafValues>
            2.9205161333084106e-01 -4.4786649942398071e-01</leafValues></_></weakClassifiers></_>
    <!-- stage 8 -->
    <_>
      <maxWeakCount>17</maxWeakCount>
      <stageThreshold>-2.4147400856018066e+00</stageThreshold>
      <weakClassifiers>
        <_>
          <internalNodes>
            0 -1 104 -1.8662834167480469e-01</internalNodes>
          <leafValues>
            3.3220624923706055e-01 -7.5302594900131226e-01</leafValues></_>
        <_>
          <internalNodes>
            0 -1 136 1.8319492228329182e-03</internalNodes>
          <leafValues>
            -5.2294522523880005e-01 3.7980324029922485e-01</leafValues></_>
        <_>
          <internalNodes>
            0 -1 7 3.4350559581071138e-03</internalNodes>
          <leafValues>
            -7.1949070692062378e-01 2.3419331014156342e-01</leafValues></_>
        <_>
          <internalNodes>
            0 -1 108 3.2756540924310684e-02</internalNodes>
          <leafValues>
            -2.4574355781078339e-01 6.3063156604766846e-01</leafValues></_>
        <_>
          <internalNodes>
            0 -1 91 -1.8409858457744122e-03</internalNodes>
          <leafValues>
            2.9405683279037476e-01 -5.4677045345306396e-01</leafValues></_>
        <_>
          <internalNodes>
            0 -1 114 1.5685774385929108e-02</internalNodes>
          <leafValues>
            -2.6221966743469238e-01 6.0779309272766113e-01</leafValues></_>
        <_>
          <internalNodes>
            0 -1 191 -1.2550104875117540e-03</internalNodes>
          <leafValues>
            2.7244284749031067e-01 -6.7654663324356079e-01</leafValues></_>
        <_>
          <internalNodes>
            0 -1 79 -2.6467600837349892e-02</internalNodes>
          <leafValues>
            1.9670632481575012e-01 -7.8079378604888916e-01</leafValues></_>
        <_>
          <internalNodes>
            0 -1 100 -2.7692498639225960e-02</internalNodes>
          <leafValues>
            6.1229407787322998e-01 -3.0065095424652100e-01</leafValues></_>
        <_>
          <internalNodes>
            0 -1 73 -3.7709705531597137e-02</internalNodes>
          <leafValues>
            4.1049063205718994e-01 -4.5917209982872009e-01</leafValues></_>
        <_>
          <internalNodes>
            0 -1 74 -2.3658234626054764e-02</internalNodes>
          <leafValues>
            6.5958678722381592e-01 -1.8157896399497986e-01</leafValues></_>
        <_>
          <internalNodes>
            0 -1 176 1.6749342903494835e-03</internalNodes>
          <leafValues>
            2.0389595627784729e-01 -6.8622040748596191e-01</leafValues></_>
        <_>
          <internalNodes>
            0 -1 18 -2.7733066235668957e-04</internalNodes>
          <leafValues>
            1.4605383574962616e-01 -7.5741720199584961e-01</leafValues></_>
        <_>
          <internalNodes>
            0 -1 35 -2.1283533424139023e-03</internalNodes>
          <leafValues>
            1.2450079619884491e-01 -7.3269933462142944e-01</leafValues></_>
        <_>
          <internalNodes>
            0 -1 32 3.5725079942494631e-04</internalNodes>
          <leafValues>
            -5.8473652601242065e-01 1.9935189187526703e-01</leafValues></_>
        <_>
          <internalNodes>
            0 -1 129 -1.9655458629131317e-02</internalNodes>
          <leafValues>
            2.1258443593978882e-01 -5.4990243911743164e-01</leafValues></_>
        <_>
          <internalNodes>
            0 -1 142 2.5813752785325050e-02</internalNodes>
          <leafValues>
            1.0273857414722443e-01 -9.2893558740615845e-01</leafValues></_></weakClassifiers></_>
    <!-- stage 9 -->
    <_>
      <maxWeakCount>13</maxWeakCount>
      <stageThreshold>-2.1198720932006836e+00</stageThreshold>
      <weakClassifiers>
        <_>
          <internalNodes>
            0 -1 63 1.6597062349319458e-02</internalNodes>
          <leafValues>
            -5.0649911165237427e-01 6.0849130153656006e-01</leafValues></_>
        <_>
          <internalNodes>
            0 -1 28 4.2172579560428858e-04</internalNodes>
          <leafValues>
            -6.8912839889526367e-01 3.2080179452896118e-01</leafValues></_>
        <_>
          <internalNodes>
            0 -1 154 -1.6364920884370804e-02</internalNodes>
          <leafValues>
            2.4665652215480804e-01 -7.8376495838165283e-01</leafValues></_>
        <_>
          <internalNodes>
            0 -1 166 4.1295547271147370e-04</internalNodes>
          <leafValues>
            -4.1105246543884277e-01 3.6553570628166199e-01</leafValues></_>
        <_>
          <internalNodes>
            0 -1 141 -1.4754429459571838e-02</internalNodes>
          <leafValues>
            8.4045553207397461e-01 -1.5936966240406036e-01</leafValues></_>
        <_>
          <internalNodes>
            0 -1 58 -9.3842931091785431e-03</internalNodes>
          <leafValues>
            4.4123122096061707e-01 -4.4480463862419128e-01</leafValues></_>
        <_>
          <internalNodes>
            0 -1 86 -3.4720121766440570e-04</internalNodes>
          <leafValues>
            4.2788636684417725e-01 -3.0939161777496338e-01</leafValues></_>
        <_>
          <internalNodes>
            0 -1 159 3.0104494653642178e-03</internalNodes>
          <leafValues>
            1.2652395665645599e-01 -9.5758908987045288e-01</leafValues></_>
        <_>
          <internalNodes>
            0 -1 164 -1.1781059205532074e-02</internalNodes>
          <leafValues>
            2.8787830471992493e-01 -4.6759018301963806e-01</leafValues></_>
        <_>
          <internalNodes>
            0 -1 33 -4.2186621576547623e-03</internalNodes>
          <leafValues>
            4.8895224928855896e-01 -2.6805487275123596e-01</leafValues></_>
        <_>
          <internalNodes>
            0 -1 185 -2.3008056450635195e-04</internalNodes>
          <leafValues>
            3.3736670017242432e-01 -4.0733465552330017e-01</leafValues></_>
        <_>
          <internalNodes>
            0 -1 64 -3.6368882865644991e-04</internalNodes>
          <leafValues>
            2.0664685964584351e-01 -7.7123570442199707e-01</leafValues></_>
        <_>
          <internalNodes>
            0 -1 44 -2.2004576749168336e-04</internalNodes>
          <leafValues>
            1.2375458329916000e-01 -8.0187255144119263e-01</leafValues></_></weakClassifiers></_>
    <!-- stage 10 -->
    <_>
      <maxWeakCount>16</maxWeakCount>
      <stageThreshold>-1.9327894449234009e+00</stageThreshold>
      <weakClassifiers>
        <_>
          <internalNodes>
            0 -1 106 5.1224473863840103e-03</internalNodes>
          <leafValues>
            -4.0516382455825806e-01 7.8066539764404297e-01</leafValues></_>
        <_>
          <internalNodes>
            0 -1 133 6.2474696896970272e-03</internalNodes>
          <leafValues>
            -3.7931972742080688e-01 5.5165898799896240e-01</leafValues></_>
        <_>
          <internalNodes>
            0 -1 13 -2.7056747674942017e-01</internalNodes>
          <leafValues>
            3.6746549606323242e-01 -5.7435166835784912e-01</leafValues></_>
        <_>
          <internalNodes>
            0 -1 36 -6.9998935796320438e-03</internalNodes>
          <leafValues>
            4.4818753004074097e-01 -3.3162859082221985e-01</leafValues></_>
        <_>
          <internalNodes>
            0 -1 107 2.6737585663795471e-02</internalNodes>
          <leafValues>
            -2.9297113418579102e-01 5.8623731136322021e-01</leafValues></_>
        <_>
          <internalNodes>
            0 -1 97 3.4656535717658699e-04</internalNodes>
          <leafValues>
            -6.4988660812377930e-01 2.1319939196109772e-01</leafValues></_>
        <_>
          <internalNodes>
            0 -1 90 -1.8343686824664474e-03</internalNodes>
          <leafValues>
            2.5982901453971863e-01 -4.7807964682579041e-01</leafValues></_>
        <_>
          <internalNodes>
            0 -1 193 -4.7310474328696728e-03</internalNodes>
          <leafValues>
            3.0152454972267151e-01 -4.8094046115875244e-01</leafValues></_>
        <_>
          <internalNodes>
            0 -1 160 -2.4076715111732483e-02</internalNodes>
          <leafValues>
            2.9644051194190979e-01 -4.9326568841934204e-01</leafValues></_>
        <_>
          <internalNodes>
            0 -1 0 1.3235365971922874e-02</internalNodes>
          <leafValues>
            -2.2591957449913025e-01 7.5449323654174805e-01</leafValues></_>
        <_>
          <internalNodes>
            0 -1 140 -1.4965061098337173e-02</internalNodes>
          <leafValues>
            9.1297250986099243e-01 -1.0075112432241440e-01</leafValues></_>
        <_>
          <internalNodes>
            0 -1 150 2.1746337413787842e-02</internalNodes>
          <leafValues>
            -3.1289446353912354e-01 4.8052057623863220e-01</leafValues></_>
        <_>
          <internalNodes>
            0 -1 17 -2.2981147048994899e-04</internalNodes>
          <leafValues>
            1.9704753160476685e-01 -6.2677305936813354e-01</leafValues></_>
        <_>
          <internalNodes>
            0 -1 111 -2.6729293167591095e-02</internalNodes>
          <leafValues>
            4.7908398509025574e-01 -2.4156180024147034e-01</leafValues></_>
        <_>
          <internalNodes>
            0 -1 112 -2.2371005266904831e-02</internalNodes>
          <leafValues>
            4.2754197120666504e-01 -2.9373946785926819e-01</leafValues></_>
        <_>
          <internalNodes>
            0 -1 69 -3.5339116584509611e-04</internalNodes>
          <leafValues>
            1.4391556382179260e-01 -7.7063536643981934e-01</leafValues></_></weakClassifiers></_>
    <!-- stage 11 -->
    <_>
      <maxWeakCount>16</maxWeakCount>
      <stageThreshold>-1.9565324783325195e+00</stageThreshold>
      <weakClassifiers>
        <_>
          <internalNodes>
            0 -1 152 -6.3214525580406189e-03</internalNodes>
          <leafValues>
            3.4600913524627686e-01 -6.7822241783142090e-01</leafValues></_>
        <_>
          <internalNodes>
            0 -1 102 1.0987727902829647e-02</internalNodes>
          <leafValues>
            -4.6563103795051575e-01 4.8866090178489685e-01</leafValues></_>
        <_>
          <internalNodes>
            0 -1 181 6.0503918211907148e-04</internalNodes>
          <leafValues>
            2.0288988947868347e-01 -7.7220499515533447e-01</leafValues></_>
        <_>
          <internalNodes>
            0 -1 50 1.0111756622791290e-02</internalNodes>
          <leafValues>
            -3.8242223858833313e-01 4.0393793582916260e-01</leafValues></_>
        <_>
          <internalNodes>
            0 -1 145 -6.8089244887232780e-03</internalNodes>
          <leafValues>
            -6.9781553745269775e-01 2.0703892409801483e-01</leafValues></_>
        <_>
          <internalNodes>
            0 -1 137 -5.5310735478997231e-03</internalNodes>
          <leafValues>
            4.5096811652183533e-01 -2.8663492202758789e-01</leafValues></_>
        <_>
          <internalNodes>
            0 -1 137 5.2537685260176659e-03</internalNodes>
          <leafValues>
            -2.1955548226833344e-01 6.3305985927581787e-01</leafValues></_>
        <_>
          <internalNodes>
            0 -1 11 7.7924472279846668e-03</internalNodes>
          <leafValues>
            -2.6244431734085083e-01 5.3969919681549072e-01</leafValues></_>
        <_>
          <internalNodes>
            0 -1 173 3.0756491469219327e-04</internalNodes>
          <leafValues>
            -3.0283945798873901e-01 4.2224907875061035e-01</leafValues></_>
        <_>
          <internalNodes>
            0 -1 99 -2.3059886880218983e-03</internalNodes>
          <leafValues>
            1.6312016546726227e-01 -8.7801200151443481e-01</leafValues></_>
        <_>
          <internalNodes>
            0 -1 110 -1.3364819809794426e-02</internalNodes>
          <leafValues>
            2.5850638747215271e-01 -4.7334262728691101e-01</leafValues></_>
        <_>
          <internalNodes>
            0 -1 88 -1.2725364416837692e-02</internalNodes>
          <leafValues>
            1.3308449089527130e-01 -8.0379420518875122e-01</leafValues></_>
        <_>
          <internalNodes>
            0 -1 57 -7.5623884797096252e-02</internalNodes>
          <leafValues>
            8.4813994169235229e-01 -1.5509115159511566e-01</leafValues></_>
        <_>
          <internalNodes>
            0 -1 23 3.5849960986524820e-03</internalNodes>
          <leafValues>
            -4.1995993256568909e-01 3.1696692109107971e-01</leafValues></_>
        <_>
          <internalNodes>
            0 -1 182 6.4816838130354881e-03</internalNodes>
          <leafValues>
            1.0909254103899002e-01 -8.6011010408401489e-01</leafValues></_>
        <_>
          <internalNodes>
            0 -1 157 -2.7231969870626926e-03</internalNodes>
          <leafValues>
            3.1654796004295349e-01 -3.5280221700668335e-01</leafValues></_></weakClassifiers></_>
    <!-- stage 12 -->
    <_>
      <maxWeakCount>15</maxWeakCount>
      <stageThreshold>-1.7746543884277344e+00</stageThreshold>
      <weakClassifiers>
        <_>
          <internalNodes>
            0 -1 141 -1.9039832055568695e-02</internalNodes>
          <leafValues>
            8.9601737260818481e-01 -3.5012888908386230e-01</leafValues></_>
        <_>
          <internalNodes>
            0 -1 199 2.3256186395883560e-03</internalNodes>
          <leafValues>
            -7.0338469743728638e-01 3.3341825008392334e-01</leafValues></_>
        <_>
          <internalNodes>
            0 -1 125 5.6223804131150246e-03</internalNodes>
          <leafValues>
            -4.7008380293846130e-01 3.9724352955818176e-01</leafValues></_>
        <_>
          <internalNodes>
            0 -1 128 6.5206829458475113e-03</internalNodes>
          <leafValues>
            -4.0204021334648132e-01 4.4147738814353943e-01</leafValues></_>
        <_>
          <internalNodes>
            0 -1 174 -7.0955459959805012e-03</internalNodes>
          <leafValues>
            3.2807737588882446e-01 -5.7381772994995117e-01</leafValues></_>
        <_>
          <internalNodes>
            0 -1 162 2.2006256040185690e-03</internalNodes>
          <leafValues>
            -3.1654134392738342e-01 4.3798136711120605e-01</leafValues></_>
        <_>
          <internalNodes>
            0 -1 42 -2.2850103676319122e-02</internalNodes>
          <leafValues>
            -6.8064820766448975e-01 1.5348459780216217e-01</leafValues></_>
        <_>
          <internalNodes>
            0 -1 161 -6.4845025539398193e-02</internalNodes>
          <leafValues>
            -7.8099125623703003e-01 1.5377146005630493e-01</leafValues></_>
        <_>
          <internalNodes>
            0 -1 25 -2.2262014448642731e-02</internalNodes>
          <leafValues>
            -7.6834434270858765e-01 1.5638798475265503e-01</leafValues></_>
        <_>
          <internalNodes>
            0 -1 21 1.1601147707551718e-03</internalNodes>
          <leafValues>
            1.1493763327598572e-01 -8.7621206045150757e-01</leafValues></_>
        <_>
          <internalNodes>
            0 -1 198 3.0983384931460023e-04</internalNodes>
          <leafValues>
            -3.1653696298599243e-01 3.9808478951454163e-01</leafValues></_>
        <_>
          <internalNodes>
            0 -1 123 8.2775741815567017e-02</internalNodes>
          <leafValues>
            1.3550785183906555e-01 -9.1574192047119141e-01</leafValues></_>
        <_>
          <internalNodes>
            0 -1 180 -7.0915017277002335e-03</internalNodes>
          <leafValues>
            -9.2342031002044678e-01 1.0347753018140793e-01</leafValues></_>
        <_>
          <internalNodes>
            0 -1 52 6.4100148156285286e-03</internalNodes>
          <leafValues>
            8.3587259054183960e-02 -9.1336715221405029e-01</leafValues></_>
        <_>
          <internalNodes>
            0 -1 116 -3.4140436910092831e-03</internalNodes>
          <leafValues>
            4.4734019041061401e-01 -2.7903458476066589e-01</leafValues></_></weakClassifiers></_>
    <!-- stage 13 -->
    <_>
      <maxWeakCount>20</maxWeakCount>
      <stageThreshold>-2.1310915946960449e+00</stageThreshold>
      <weakClassifiers>
        <_>
          <internalNodes>
            0 -1 76 3.2564270077273250e-04</internalNodes>
          <leafValues>
            -5.5745166540145874e-01 4.0691393613815308e-01</leafValues></_>
        <_>
          <internalNodes>
            0 -1 10 -4.1851484775543213e-01</internalNodes>
          <leafValues>
            3.4440630674362183e-01 -5.7943236827850342e-01</leafValues></_>
        <_>
          <internalNodes>
            0 -1 146 3.6142498720437288e-04</internalNodes>
          <leafValues>
            -3.8225522637367249e-01 4.5668762922286987e-01</leafValues></_>
        <_>
          <internalNodes>
            0 -1 155 -1.8431676551699638e-02</internalNodes>
          <leafValues>
            3.9473026990890503e-01 -4.2761906981468201e-01</leafValues></_>
        <_>
          <internalNodes>
            0 -1 118 -1.4774233102798462e-02</internalNodes>
          <leafValues>
            4.6647495031356812e-01 -3.7494462728500366e-01</leafValues></_>
        <_>
          <internalNodes>
            0 -1 27 -1.2810336425900459e-02</internalNodes>
          <leafValues>
            -7.8402602672576904e-01 2.5941410660743713e-01</leafValues></_>
        <_>
          <internalNodes>
            0 -1 31 4.1454716119915247e-04</internalNodes>
          <leafValues>
            -5.7760620117187500e-01 1.9227252900600433e-01</leafValues></_>
        <_>
          <internalNodes>
            0 -1 158 -4.0231505408883095e-03</internalNodes>
          <leafValues>
            3.6336356401443481e-01 -3.6887463927268982e-01</leafValues></_>
        <_>
          <internalNodes>
            0 -1 78 4.3528778478503227e-03</internalNodes>
          <leafValues>
            1.6047215461730957e-01 -7.2596788406372070e-01</leafValues></_>
        <_>
          <internalNodes>
            0 -1 43 1.9379750592634082e-03</internalNodes>
          <leafValues>
            -8.6784011125564575e-01 1.0995147377252579e-01</leafValues></_>
        <_>
          <internalNodes>
            0 -1 188 -2.3338278697337955e-04</internalNodes>
          <leafValues>
            2.2016099095344543e-01 -5.3065687417984009e-01</leafValues></_>
        <_>
          <internalNodes>
            0 -1 29 3.0422932468354702e-03</internalNodes>
          <leafValues>
            1.6687154769897461e-01 -7.7429032325744629e-01</leafValues></_>
        <_>
          <internalNodes>
            0 -1 132 -1.1691224761307240e-02</internalNodes>
          <leafValues>
            8.0510419607162476e-01 -1.9228830933570862e-01</leafValues></_>
        <_>
          <internalNodes>
            0 -1 134 -8.7338499724864960e-03</internalNodes>
          <leafValues>
            5.1581287384033203e-01 -3.0021387338638306e-01</leafValues></_>
        <_>
          <internalNodes>
            0 -1 130 -2.0172707736492157e-02</internalNodes>
          <leafValues>
            5.6851583719253540e-01 -2.2521308064460754e-01</leafValues></_>
        <_>
          <internalNodes>
            0 -1 2 2.6717083528637886e-03</internalNodes>
          <leafValues>
            -4.8933270573616028e-01 3.3067473769187927e-01</leafValues></_>
        <_>
          <internalNodes>
            0 -1 176 1.0820141760632396e-03</internalNodes>
          <leafValues>
            1.8014457821846008e-01 -6.7724639177322388e-01</leafValues></_>
        <_>
          <internalNodes>
            0 -1 20 -5.8960625901818275e-03</internalNodes>
          <leafValues>
            -8.3268743753433228e-01 1.2412343174219131e-01</leafValues></_>
        <_>
          <internalNodes>
            0 -1 169 2.7052550576627254e-03</internalNodes>
          <leafValues>
            -4.1766202449798584e-01 2.8573879599571228e-01</leafValues></_>
        <_>
          <internalNodes>
            0 -1 168 -4.6636566519737244e-02</internalNodes>
          <leafValues>
            -9.8259735107421875e-01 1.2732811272144318e-01</leafValues></_></weakClassifiers></_>
    <!-- stage 14 -->
    <_>
      <maxWeakCount>17</maxWeakCount>
      <stageThreshold>-1.7651832103729248e+00</stageThreshold>
      <weakClassifiers>
        <_>
          <internalNodes>
            0 -1 77 3.3221676945686340e-02</internalNodes>
          <leafValues>
            -3.9944675564765930e-01 7.2296714782714844e-01</leafValues></_>
        <_>
          <internalNodes>
            0 -1 92 -2.8892185539007187e-02</internalNodes>
          <leafValues>
            2.8038287162780762e-01 -7.8077679872512817e-01</leafValues></_>
        <_>
          <internalNodes>
            0 -1 148 2.1593216806650162e-03</internalNodes>
          <leafValues>
            -4.0101039409637451e-01 4.5646464824676514e-01</leafValues></_>
        <_>
          <internalNodes>
            0 -1 1 -1.5825995942577720e-03</internalNodes>
          <leafValues>
            -7.6572489738464355e-01 2.3534604907035828e-01</leafValues></_>
        <_>
          <internalNodes>
            0 -1 105 4.9343169666826725e-03</internalNodes>
          <leafValues>
            -4.6420192718505859e-01 3.4541645646095276e-01</leafValues></_>
        <_>
          <internalNodes>
            0 -1 65 -3.3838528906926513e-04</internalNodes>
          <leafValues>
            3.5662752389907837e-01 -4.8650357127189636e-01</leafValues></_>
        <_>
          <internalNodes>
            0 -1 85 -3.0060818418860435e-02</internalNodes>
          <leafValues>
            5.8970552682876587e-01 -2.8369772434234619e-01</leafValues></_>
        <_>
          <internalNodes>
            0 -1 127 2.7594536542892456e-02</internalNodes>
          <leafValues>
            -2.4123108386993408e-01 7.1265351772308350e-01</leafValues></_>
        <_>
          <internalNodes>
            0 -1 94 -8.9127212762832642e-02</internalNodes>
          <leafValues>
            4.9092477560043335e-01 -3.2855439186096191e-01</leafValues></_>
        <_>
          <internalNodes>
            0 -1 121 -1.0277841240167618e-02</internalNodes>
          <leafValues>
            -6.9253802299499512e-01 2.7685463428497314e-01</leafValues></_>
        <_>
          <internalNodes>
            0 -1 163 -9.5123692881315947e-04</internalNodes>
          <leafValues>
            4.0032091736793518e-01 -3.3356207609176636e-01</leafValues></_>
        <_>
          <internalNodes>
            0 -1 153 -1.9816206768155098e-03</internalNodes>
          <leafValues>
            5.1675093173980713e-01 -2.7129149436950684e-01</leafValues></_>
        <_>
          <internalNodes>
            0 -1 143 -8.0182431265711784e-03</internalNodes>
          <leafValues>
            6.2760931253433228e-01 -1.9458779692649841e-01</leafValues></_>
        <_>
          <internalNodes>
            0 -1 81 -1.2542028911411762e-02</internalNodes>
          <leafValues>
            -7.8143942356109619e-01 2.0091541111469269e-01</leafValues></_>
        <_>
          <internalNodes>
            0 -1 75 2.2129759192466736e-02</internalNodes>
          <leafValues>
            -1.8567317724227905e-01 8.4199136495590210e-01</leafValues></_>
        <_>
          <internalNodes>
            0 -1 51 -2.7172188274562359e-03</internalNodes>
          <leafValues>
            -8.6356490850448608e-01 2.0466329157352448e-01</leafValues></_>
        <_>
          <internalNodes>
            0 -1 67 -3.5740860039368272e-04</internalNodes>
          <leafValues>
            1.1056050658226013e-01 -8.7963318824768066e-01</leafValues></_></weakClassifiers></_>
    <!-- stage 15 -->
    <_>
      <maxWeakCount>15</maxWeakCount>
      <stageThreshold>-1.9673057794570923e+00</stageThreshold>
      <weakClassifiers>
        <_>
          <internalNodes>
            0 -1 101 3.3642626367509365e-03</internalNodes>
          <leafValues>
            -5.4521077871322632e-01 5.4245543479919434e-01</leafValues></_>
        <_>
          <internalNodes>
            0 -1 19 1.3808429241180420e-02</internalNodes>
          <leafValues>
            -7.1914011240005493e-01 3.4576898813247681e-01</leafValues></_>
        <_>
          <internalNodes>
            0 -1 114 1.7969325184822083e-02</internalNodes>
          <leafValues>
            -3.1491351127624512e-01 7.1476203203201294e-01</leafValues></_>
        <_>
          <internalNodes>
            0 -1 122 1.3870022259652615e-02</internalNodes>
          <leafValues>
            -5.0356370210647583e-01 4.2658808827400208e-01</leafValues></_>
        <_>
          <internalNodes>
            0 -1 187 -2.2402582690119743e-03</internalNodes>
          <leafValues>
            -8.7464714050292969e-01 3.4232425689697266e-01</leafValues></_>
        <_>
          <internalNodes>
            0 -1 172 4.8351776786148548e-04</internalNodes>
          <leafValues>
            -5.2581632137298584e-01 4.2693385481834412e-01</leafValues></_>
        <_>
          <internalNodes>
            0 -1 70 8.3620965597219765e-05</internalNodes>
          <leafValues>
            3.1474670767784119e-01 -6.2818825244903564e-01</leafValues></_>
        <_>
          <internalNodes>
            0 -1 197 -3.0327989952638745e-04</internalNodes>
          <leafValues>
            3.5808977484703064e-01 -5.3975290060043335e-01</leafValues></_>
        <_>
          <internalNodes>
            0 -1 26 5.5543957278132439e-03</internalNodes>
          <leafValues>
            2.5270751118659973e-01 -9.2143213748931885e-01</leafValues></_>
        <_>
          <internalNodes>
            0 -1 131 -3.3971283119171858e-04</internalNodes>
          <leafValues>
            4.5835581421852112e-01 -4.1171416640281677e-01</leafValues></_>
        <_>
          <internalNodes>
            0 -1 178 -2.2129795979708433e-04</internalNodes>
          <leafValues>
            3.9633199572563171e-01 -4.9974027276039124e-01</leafValues></_>
        <_>
          <internalNodes>
            0 -1 60 1.3879149919375777e-03</internalNodes>
          <leafValues>
            -3.6723315715789795e-01 5.0282859802246094e-01</leafValues></_>
        <_>
          <internalNodes>
            0 -1 9 5.9680696576833725e-03</internalNodes>
          <leafValues>
            -4.7256585955619812e-01 4.1243904829025269e-01</leafValues></_>
        <_>
          <internalNodes>
            0 -1 6 2.6935636997222900e-03</internalNodes>
          <leafValues>
            2.3456718027591705e-01 -8.0596971511840820e-01</leafValues></_>
        <_>
          <internalNodes>
            0 -1 113 -1.0229591280221939e-02</internalNodes>
          <leafValues>
            9.1792941093444824e-01 -2.4129858613014221e-01</leafValues></_></weakClassifiers></_>
    <!-- stage 16 -->
    <_>
      <maxWeakCount>9</maxWeakCount>
      <stageThreshold>-1.5040582418441772e+00</stageThreshold>
      <weakClassifiers>
        <_>
          <internalNodes>
            0 -1 103 -2.4406179785728455e-01</internalNodes>
          <leafValues>
            5.9780132770538330e-01 -6.1275023221969604e-01</leafValues></_>
        <_>
          <internalNodes>
            0 -1 115 1.3743557501584291e-03</internalNodes>
          <leafValues>
            -5.6533718109130859e-01 6.6094928979873657e-01</leafValues></_>
        <_>
          <internalNodes>
            0 -1 144 -3.5814871080219746e-04</internalNodes>
          <leafValues>
            7.3973035812377930e-01 -4.3820768594741821e-01</leafValues></_>
        <_>
          <internalNodes>
            0 -1 139 -8.4467176347970963e-03</internalNodes>
          <leafValues>
            7.5785720348358154e-01 -4.5735821127891541e-01</leafValues></_>
        <_>
          <internalNodes>
            0 -1 84 -4.9616685137152672e-03</internalNodes>
          <leafValues>
            8.2520425319671631e-01 -2.8667432069778442e-01</leafValues></_>
        <_>
          <internalNodes>
            0 -1 196 4.8563568852841854e-03</internalNodes>
          <leafValues>
            4.3260461091995239e-01 -6.7287307977676392e-01</leafValues></_>
        <_>
          <internalNodes>
            0 -1 135 9.5788936596363783e-04</internalNodes>
          <leafValues>
            -4.1365903615951538e-01 6.7681443691253662e-01</leafValues></_>
        <_>
          <internalNodes>
            0 -1 5 1.5845920424908400e-03</internalNodes>
          <leafValues>
            -7.2047114372253418e-01 3.9872384071350098e-01</leafValues></_>
        <_>
          <internalNodes>
            0 -1 30 3.7512008566409349e-03</internalNodes>
          <leafValues>
            3.8329327106475830e-01 -8.4642964601516724e-01</leafValues></_></weakClassifiers></_></stages>
  <features>
    <_>
      <rects>
        <_>
          0 0 1 14 -1.</_>
        <_>
          0 7 1 7 2.</_></rects>
      <tilted>0</tilted></_>
    <_>
      <rects>
        <_>
          0 0 4 5 -1.</_>
        <_>
          2 0 2 5 2.</_></rects>
      <tilted>0</tilted></_>
    <_>
      <rects>
        <_>
          0 0 3 9 -1.</_>
        <_>
          0 3 3 3 3.</_></rects>
      <tilted>0</tilted></_>
    <_>
      <rects>
        <_>
          0 0 3 12 -1.</_>
        <_>
          0 4 3 4 3.</_></rects>
      <tilted>0</tilted></_>
    <_>
      <rects>
        <_>
          0 0 8 2 -1.</_>
        <_>
          0 0 4 1 2.</_>
        <_>
          4 1 4 1 2.</_></rects>
      <tilted>0</tilted></_>
    <_>
      <rects>
        <_>
          0 1 1 12 -1.</_>
        <_>
          0 5 1 4 3.</_></rects>
      <tilted>0</tilted></_>
    <_>
      <rects>
        <_>
          0 1 2 10 -1.</_>
        <_>
          0 1 1 5 2.</_>
        <_>
          1 6 1 5 2.</_></rects>
      <tilted>0</tilted></_>
    <_>
      <rects>
        <_>
          0 1 2 12 -1.</_>
        <_>
          0 5 2 4 3.</_></rects>
      <tilted>0</tilted></_>
    <_>
      <rects>
        <_>
          0 1 6 10 -1.</_>
        <_>
          2 1 2 10 3.</_></rects>
      <tilted>0</tilted></_>
    <_>
      <rects>
        <_>
          0 1 6 20 -1.</_>
        <_>
          2 1 2 20 3.</_></rects>
      <tilted>0</tilted></_>
    <_>
      <rects>
        <_>
          0 3 12 24 -1.</_>
        <_>
          0 15 12 12 2.</_></rects>
      <tilted>0</tilted></_>
    <_>
      <rects>
        <_>
          0 4 9 1 -1.</_>
        <_>
          3 4 3 1 3.</_></rects>
      <tilted>0</tilted></_>
    <_>
      <rects>
        <_>
          0 5 8 16 -1.</_>
        <_>
          0 13 8 8 2.</_></rects>
      <tilted>0</tilted></_>
    <_>
      <rects>
        <_>
          0 7 12 20 -1.</_>
        <_>
          0 17 12 10 2.</_></rects>
      <tilted>0</tilted></_>
    <_>
      <rects>
        <_>
          0 8 2 15 -1.</_>
        <_>
          0 13 2 5 3.</_></rects>
      <tilted>0</tilted></_>
    <_>
      <rects>
        <_>
          0 8 3 15 -1.</_>
        <_>
          0 13 3 5 3.</_></rects>
      <tilted>0</tilted></_>
    <_>
      <rects>
        <_>
          0 8 6 24 -1.</_>
        <_>
          3 8 3 24 2.</_></rects>
      <tilted>0</tilted></_>
    <_>
      <rects>
        <_>
          0 8 5 2 -1.</_>
        <_>
          0 9 5 1 2.</_></rects>
      <tilted>0</tilted></_>
    <_>
      <rects>
        <_>
          0 9 2 12 -1.</_>
        <_>
          0 13 2 4 3.</_></rects>
      <tilted>0</tilted></_>
    <_>
      <rects>
        <_>
          0 9 6 23 -1.</_>
        <_>
          3 9 3 23 2.</_></rects>
      <tilted>0</tilted></_>
    <_>
      <rects>
        <_>
          0 11 1 9 -1.</_>
        <_>
          0 14 1 3 3.</_></rects>
      <tilted>0</tilted></_>
    <_>
      <rects>
        <_>
          0 11 5 12 -1.</_>
        <_>
          0 15 5 4 3.</_></rects>
      <tilted>0</tilted></_>
    <_>
      <rects>
        <_>
          0 12 2 19 -1.</_>
        <_>
          1 12 1 19 2.</_></rects>
      <tilted>0</tilted></_>
    <_>
      <rects>
        <_>
          0 13 6 9 -1.</_>
        <_>
          3 13 3 9 2.</_></rects>
      <tilted>0</tilted></_>
    <_>
      <rects>
        <_>
          0 14 10 8 -1.</_>
        <_>
          0 14 5 4 2.</_>
        <_>
          5 18 5 4 2.</_></rects>
      <tilted>0</tilted></_>
    <_>
      <rects>
        <_>
          0 14 7 9 -1.</_>
        <_>
          0 17 7 3 3.</_></rects>
      <tilted>0</tilted></_>
    <_>
      <rects>
        <_>
          0 16 1 12 -1.</_>
        <_>
          0 20 1 4 3.</_></rects>
      <tilted>0</tilted></_>
    <_>
      <rects>
        <_>
          0 16 3 10 -1.</_>
        <_>
          0 21 3 5 2.</_></rects>
      <tilted>0</tilted></_>
    <_>
      <rects>
        <_>
          0 18 2 9 -1.</_>
        <_>
          1 18 1 9 2.</_></rects>
      <tilted>0</tilted></_>
    <_>
      <rects>
        <_>
          0 19 3 4 -1.</_>
        <_>
          0 21 3 2 2.</_></rects>
      <tilted>0</tilted></_>
    <_>
      <rects>
        <_>
          0 22 3 4 -1.</_>
        <_>
          0 24 3 2 2.</_></rects>
      <tilted>0</tilted></_>
    <_>
      <rects>
        <_>
          0 26 2 4 -1.</_>
        <_>
          1 26 1 4 2.</_></rects>
      <tilted>0</tilted></_>
    <_>
      <rects>
        <_>
          0 31 6 1 -1.</_>
        <_>
          3 31 3 1 2.</_></rects>
      <tilted>0</tilted></_>
    <_>
      <rects>
        <_>
          1 0 8 2 -1.</_>
        <_>
          1 0 4 1 2.</_>
        <_>
          5 1 4 1 2.</_></rects>
      <tilted>0</tilted></_>
    <_>
      <rects>
        <_>
          1 3 3 12 -1.</_>
        <_>
          1 9 3 6 2.</_></rects>
      <tilted>0</tilted></_>
    <_>
      <rects>
        <_>
          1 3 16 4 -1.</_>
        <_>
          9 3 8 4 2.</_></rects>
      <tilted>0</tilted></_>
    <_>
      <rects>
        <_>
          1 4 1 8 -1.</_>
        <_>
          1 8 1 4 2.</_></rects>
      <tilted>0</tilted></_>
    <_>
      <rects>
        <_>
          1 5 2 24 -1.</_>
        <_>
          1 13 2 8 3.</_></rects>
      <tilted>0</tilted></_>
    <_>
      <rects>
        <_>
          1 5 16 5 -1.</_>
        <_>
          9 5 8 5 2.</_></rects>
      <tilted>0</tilted></_>
    <_>
      <rects>
        <_>
          1 6 1 2 -1.</_>
        <_>
          1 7 1 1 2.</_></rects>
      <tilted>0</tilted></_>
    <_>
      <rects>
        <_>
          1 8 5 8 -1.</_>
        <_>
          1 12 5 4 2.</_></rects>
      <tilted>0</tilted></_>
    <_>
      <rects>
        <_>
          1 10 4 12 -1.</_>
        <_>
          1 14 4 4 3.</_></rects>
      <tilted>0</tilted></_>
    <_>
      <rects>
        <_>
          1 11 8 9 -1.</_>
        <_>
          1 14 8 3 3.</_></rects>
      <tilted>0</tilted></_>
    <_>
      <rects>
        <_>
          1 11 16 21 -1.</_>
        <_>
          9 11 8 21 2.</_></rects>
      <tilted>0</tilted></_>
    <_>
      <rects>
        <_>
          1 13 6 2 -1.</_>
        <_>
          1 14 6 1 2.</_></rects>
      <tilted>0</tilted></_>
    <_>
      <rects>
        <_>
          1 17 5 12 -1.</_>
        <_>
          1 21 5 4 3.</_></rects>
      <tilted>0</tilted></_>
    <_>
      <rects>
        <_>
          1 19 16 13 -1.</_>
        <_>
          9 19 8 13 2.</_></rects>
      <tilted>0</tilted></_>
    <_>
      <rects>
        <_>
          1 20 6 9 -1.</_>
        <_>
          3 20 2 9 3.</_></rects>
      <tilted>0</tilted></_>
    <_>
      <rects>
        <_>
          1 20 15 12 -1.</_>
        <_>
          1 24 15 4 3.</_></rects>
      <tilted>0</tilted></_>
    <_>
      <rects>
        <_>
          1 21 16 11 -1.</_>
        <_>
          9 21 8 11 2.</_></rects>
      <tilted>0</tilted></_>
    <_>
      <rects>
        <_>
          1 22 6 8 -1.</_>
        <_>
          3 22 2 8 3.</_></rects>
      <tilted>0</tilted></_>
    <_>
      <rects>
        <_>
          2 3 2 9 -1.</_>
        <_>
          2 6 2 3 3.</_></rects>
      <tilted>0</tilted></_>
    <_>
      <rects>
        <_>
          2 12 6 8 -1.</_>
        <_>
          2 12 3 4 2.</_>
        <_>
          5 16 3 4 2.</_></rects>
      <tilted>0</tilted></_>
    <_>
      <rects>
        <_>
          2 26 15 6 -1.</_>
        <_>
          2 29 15 3 2.</_></rects>
      <tilted>0</tilted></_>
    <_>
      <rects>
        <_>
          3 0 4 2 -1.</_>
        <_>
          3 0 2 1 2.</_>
        <_>
          5 1 2 1 2.</_></rects>
      <tilted>0</tilted></_>
    <_>
      <rects>
        <_>
          3 0 8 16 -1.</_>
        <_>
          3 8 8 8 2.</_></rects>
      <tilted>0</tilted></_>
    <_>
      <rects>
        <_>
          3 0 12 6 -1.</_>
        <_>
          3 3 12 3 2.</_></rects>
      <tilted>0</tilted></_>
    <_>
      <rects>
        <_>
          3 1 6 11 -1.</_>
        <_>
          6 1 3 11 2.</_></rects>
      <tilted>0</tilted></_>
    <_>
      <rects>
        <_>
          3 1 8 6 -1.</_>
        <_>
          3 1 4 3 2.</_>
        <_>
          7 4 4 3 2.</_></rects>
      <tilted>0</tilted></_>
    <_>
      <rects>
        <_>
          3 2 1 10 -1.</_>
        <_>
          3 7 1 5 2.</_></rects>
      <tilted>0</tilted></_>
    <_>
      <rects>
        <_>
          3 3 6 1 -1.</_>
        <_>
          5 3 2 1 3.</_></rects>
      <tilted>0</tilted></_>
    <_>
      <rects>
        <_>
          3 3 9 7 -1.</_>
        <_>
          6 3 3 7 3.</_></rects>
      <tilted>0</tilted></_>
    <_>
      <rects>
        <_>
          3 6 2 14 -1.</_>
        <_>
          3 13 2 7 2.</_></rects>
      <tilted>0</tilted></_>
    <_>
      <rects>
        <_>
          3 7 9 2 -1.</_>
        <_>
          6 7 3 2 3.</_></rects>
      <tilted>0</tilted></_>
    <_>
      <rects>
        <_>
          3 9 1 4 -1.</_>
        <_>
          3 11 1 2 2.</_></rects>
      <tilted>0</tilted></_>
    <_>
      <rects>
        <_>
          3 9 10 1 -1.</_>
        <_>
          8 9 5 1 2.</_></rects>
      <tilted>0</tilted></_>
    <_>
      <rects>
        <_>
          3 10 2 4 -1.</_>
        <_>
          3 12 2 2 2.</_></rects>
      <tilted>0</tilted></_>
    <_>
      <rects>
        <_>
          3 10 2 12 -1.</_>
        <_>
          3 14 2 4 3.</_></rects>
      <tilted>0</tilted></_>
    <_>
      <rects>
        <_>
          3 11 5 8 -1.</_>
        <_>
          3 15 5 4 2.</_></rects>
      <tilted>0</tilted></_>
    <_>
      <rects>
        <_>
          3 12 4 2 -1.</_>
        <_>
          3 13 4 1 2.</_></rects>
      <tilted>0</tilted></_>
    <_>
      <rects>
        <_>
          3 14 8 6 -1.</_>
        <_>
          3 14 4 3 2.</_>
        <_>
          7 17 4 3 2.</_></rects>
      <tilted>0</tilted></_>
    <_>
      <rects>
        <_>
          3 21 12 11 -1.</_>
        <_>
          9 21 6 11 2.</_></rects>
      <tilted>0</tilted></_>
    <_>
      <rects>
        <_>
          4 0 6 28 -1.</_>
        <_>
          4 14 6 14 2.</_></rects>
      <tilted>0</tilted></_>
    <_>
      <rects>
        <_>
          4 0 11 10 -1.</_>
        <_>
          4 5 11 5 2.</_></rects>
      <tilted>0</tilted></_>
    <_>
      <rects>
        <_>
          4 1 6 8 -1.</_>
        <_>
          4 1 3 4 2.</_>
        <_>
          7 5 3 4 2.</_></rects>
      <tilted>0</tilted></_>
    <_>
      <rects>
        <_>
          4 2 6 8 -1.</_>
        <_>
          4 2 3 4 2.</_>
        <_>
          7 6 3 4 2.</_></rects>
      <tilted>0</tilted></_>
    <_>
      <rects>
        <_>
          4 3 2 1 -1.</_>
        <_>
          5 3 1 1 2.</_></rects>
      <tilted>0</tilted></_>
    <_>
      <rects>
        <_>
          4 6 9 3 -1.</_>
        <_>
          7 6 3 3 3.</_></rects>
      <tilted>0</tilted></_>
    <_>
      <rects>
        <_>
          4 7 1 9 -1.</_>
        <_>
          4 10 1 3 3.</_></rects>
      <tilted>0</tilted></_>
    <_>
      <rects>
        <_>
          4 8 2 24 -1.</_>
        <_>
          4 16 2 8 3.</_></rects>
      <tilted>0</tilted></_>
    <_>
      <rects>
        <_>
          4 11 6 21 -1.</_>
        <_>
          4 18 6 7 3.</_></rects>
      <tilted>0</tilted></_>
    <_>
      <rects>
        <_>
          4 13 6 8 -1.</_>
        <_>
          4 13 3 4 2.</_>
        <_>
          7 17 3 4 2.</_></rects>
      <tilted>0</tilted></_>
    <_>
      <rects>
        <_>
          4 19 10 13 -1.</_>
        <_>
          9 19 5 13 2.</_></rects>
      <tilted>0</tilted></_>
    <_>
      <rects>
        <_>
          4 20 6 7 -1.</_>
        <_>
          6 20 2 7 3.</_></rects>
      <tilted>0</tilted></_>
    <_>
      <rects>
        <_>
          4 25 6 3 -1.</_>
        <_>
          6 25 2 3 3.</_></rects>
      <tilted>0</tilted></_>
    <_>
      <rects>
        <_>
          5 0 5 9 -1.</_>
        <_>
          5 3 5 3 3.</_></rects>
      <tilted>0</tilted></_>
    <_>
      <rects>
        <_>
          5 4 2 1 -1.</_>
        <_>
          6 4 1 1 2.</_></rects>
      <tilted>0</tilted></_>
    <_>
      <rects>
        <_>
          5 4 2 2 -1.</_>
        <_>
          6 4 1 2 2.</_></rects>
      <tilted>0</tilted></_>
    <_>
      <rects>
        <_>
          5 8 1 24 -1.</_>
        <_>
          5 16 1 8 3.</_></rects>
      <tilted>0</tilted></_>
    <_>
      <rects>
        <_>
          5 10 1 4 -1.</_>
        <_>
          5 12 1 2 2.</_></rects>
      <tilted>0</tilted></_>
    <_>
      <rects>
        <_>
          5 12 6 8 -1.</_>
        <_>
          7 12 2 8 3.</_></rects>
      <tilted>0</tilted></_>
    <_>
      <rects>
        <_>
          5 12 6 9 -1.</_>
        <_>
          7 12 2 9 3.</_></rects>
      <tilted>0</tilted></_>
    <_>
      <rects>
        <_>
          5 12 5 10 -1.</_>
        <_>
          5 17 5 5 2.</_></rects>
      <tilted>0</tilted></_>
    <_>
      <rects>
        <_>
          5 15 1 15 -1.</_>
        <_>
          5 20 1 5 3.</_></rects>
      <tilted>0</tilted></_>
    <_>
      <rects>
        <_>
          5 17 7 15 -1.</_>
        <_>
          5 22 7 5 3.</_></rects>
      <tilted>0</tilted></_>
    <_>
      <rects>
        <_>
          5 23 6 8 -1.</_>
        <_>
          5 27 6 4 2.</_></rects>
      <tilted>0</tilted></_>
    <_>
      <rects>
        <_>
          5 24 12 8 -1.</_>
        <_>
          5 28 12 4 2.</_></rects>
      <tilted>0</tilted></_>
    <_>
      <rects>
        <_>
          5 26 1 6 -1.</_>
        <_>
          5 29 1 3 2.</_></rects>
      <tilted>0</tilted></_>
    <_>
      <rects>
        <_>
          5 26 8 6 -1.</_>
        <_>
          9 26 4 6 2.</_></rects>
      <tilted>0</tilted></_>
    <_>
      <rects>
        <_>
          6 0 2 16 -1.</_>
        <_>
          6 8 2 8 2.</_></rects>
      <tilted>0</tilted></_>
    <_>
      <rects>
        <_>
          6 0 4 9 -1.</_>
        <_>
          6 3 4 3 3.</_></rects>
      <tilted>0</tilted></_>
    <_>
      <rects>
        <_>
          6 1 2 12 -1.</_>
        <_>
          7 1 1 12 2.</_></rects>
      <tilted>0</tilted></_>
    <_>
      <rects>
        <_>
          6 1 6 7 -1.</_>
        <_>
          8 1 2 7 3.</_></rects>
      <tilted>0</tilted></_>
    <_>
      <rects>
        <_>
          6 2 6 30 -1.</_>
        <_>
          6 17 6 15 2.</_></rects>
      <tilted>0</tilted></_>
    <_>
      <rects>
        <_>
          6 4 6 26 -1.</_>
        <_>
          6 17 6 13 2.</_></rects>
      <tilted>0</tilted></_>
    <_>
      <rects>
        <_>
          6 5 4 8 -1.</_>
        <_>
          6 5 2 4 2.</_>
        <_>
          8 9 2 4 2.</_></rects>
      <tilted>0</tilted></_>
    <_>
      <rects>
        <_>
          6 6 2 4 -1.</_>
        <_>
          7 6 1 4 2.</_></rects>
      <tilted>0</tilted></_>
    <_>
      <rects>
        <_>
          6 11 6 20 -1.</_>
        <_>
          8 11 2 20 3.</_></rects>
      <tilted>0</tilted></_>
    <_>
      <rects>
        <_>
          6 11 6 21 -1.</_>
        <_>
          8 11 2 21 3.</_></rects>
      <tilted>0</tilted></_>
    <_>
      <rects>
        <_>
          6 13 1 6 -1.</_>
        <_>
          6 16 1 3 2.</_></rects>
      <tilted>0</tilted></_>
    <_>
      <rects>
        <_>
          6 16 5 12 -1.</_>
        <_>
          6 22 5 6 2.</_></rects>
      <tilted>0</tilted></_>
    <_>
      <rects>
        <_>
          6 19 5 9 -1.</_>
        <_>
          6 22 5 3 3.</_></rects>
      <tilted>0</tilted></_>
    <_>
      <rects>
        <_>
          6 23 10 9 -1.</_>
        <_>
          6 26 10 3 3.</_></rects>
      <tilted>0</tilted></_>
    <_>
      <rects>
        <_>
          6 26 8 4 -1.</_>
        <_>
          6 26 4 2 2.</_>
        <_>
          10 28 4 2 2.</_></rects>
      <tilted>0</tilted></_>
    <_>
      <rects>
        <_>
          6 26 5 6 -1.</_>
        <_>
          6 28 5 2 3.</_></rects>
      <tilted>0</tilted></_>
    <_>
      <rects>
        <_>
          6 30 4 1 -1.</_>
        <_>
          8 30 2 1 2.</_></rects>
      <tilted>0</tilted></_>
    <_>
      <rects>
        <_>
          7 0 3 12 -1.</_>
        <_>
          8 0 1 12 3.</_></rects>
      <tilted>0</tilted></_>
    <_>
      <rects>
        <_>
          7 0 2 28 -1.</_>
        <_>
          7 14 2 14 2.</_></rects>
      <tilted>0</tilted></_>
    <_>
      <rects>
        <_>
          7 0 3 9 -1.</_>
        <_>
          7 3 3 3 3.</_></rects>
      <tilted>0</tilted></_>
    <_>
      <rects>
        <_>
          7 0 3 28 -1.</_>
        <_>
          7 14 3 14 2.</_></rects>
      <tilted>0</tilted></_>
    <_>
      <rects>
        <_>
          7 0 3 30 -1.</_>
        <_>
          7 15 3 15 2.</_></rects>
      <tilted>0</tilted></_>
    <_>
      <rects>
        <_>
          7 0 8 20 -1.</_>
        <_>
          7 0 4 10 2.</_>
        <_>
          11 10 4 10 2.</_></rects>
      <tilted>0</tilted></_>
    <_>
      <rects>
        <_>
          7 0 10 8 -1.</_>
        <_>
          7 0 5 4 2.</_>
        <_>
          12 4 5 4 2.</_></rects>
      <tilted>0</tilted></_>
    <_>
      <rects>
        <_>
          7 0 7 27 -1.</_>
        <_>
          7 9 7 9 3.</_></rects>
      <tilted>0</tilted></_>
    <_>
      <rects>
        <_>
          7 6 3 9 -1.</_>
        <_>
          7 9 3 3 3.</_></rects>
      <tilted>0</tilted></_>
    <_>
      <rects>
        <_>
          7 7 4 6 -1.</_>
        <_>
          7 7 2 3 2.</_>
        <_>
          9 10 2 3 2.</_></rects>
      <tilted>0</tilted></_>
    <_>
      <rects>
        <_>
          7 7 4 8 -1.</_>
        <_>
          7 7 2 4 2.</_>
        <_>
          9 11 2 4 2.</_></rects>
      <tilted>0</tilted></_>
    <_>
      <rects>
        <_>
          7 7 6 10 -1.</_>
        <_>
          9 7 2 10 3.</_></rects>
      <tilted>0</tilted></_>
    <_>
      <rects>
        <_>
          7 7 4 6 -1.</_>
        <_>
          7 9 4 2 3.</_></rects>
      <tilted>0</tilted></_>
    <_>
      <rects>
        <_>
          7 13 4 12 -1.</_>
        <_>
          7 19 4 6 2.</_></rects>
      <tilted>0</tilted></_>
    <_>
      <rects>
        <_>
          7 19 3 9 -1.</_>
        <_>
          7 22 3 3 3.</_></rects>
      <tilted>0</tilted></_>
    <_>
      <rects>
        <_>
          7 22 2 2 -1.</_>
        <_>
          7 23 2 1 2.</_></rects>
      <tilted>0</tilted></_>
    <_>
      <rects>
        <_>
          7 24 2 6 -1.</_>
        <_>
          7 26 2 2 3.</_></rects>
      <tilted>0</tilted></_>
    <_>
      <rects>
        <_>
          7 24 4 6 -1.</_>
        <_>
          7 24 2 3 2.</_>
        <_>
          9 27 2 3 2.</_></rects>
      <tilted>0</tilted></_>
    <_>
      <rects>
        <_>
          7 26 9 6 -1.</_>
        <_>
          7 28 9 2 3.</_></rects>
      <tilted>0</tilted></_>
    <_>
      <rects>
        <_>
          7 29 6 2 -1.</_>
        <_>
          7 29 3 1 2.</_>
        <_>
          10 30 3 1 2.</_></rects>
      <tilted>0</tilted></_>
    <_>
      <rects>
        <_>
          7 31 4 1 -1.</_>
        <_>
          9 31 2 1 2.</_></rects>
      <tilted>0</tilted></_>
    <_>
      <rects>
        <_>
          8 0 1 9 -1.</_>
        <_>
          8 3 1 3 3.</_></rects>
      <tilted>0</tilted></_>
    <_>
      <rects>
        <_>
          8 1 2 3 -1.</_>
        <_>
          8 2 2 1 3.</_></rects>
      <tilted>0</tilted></_>
    <_>
      <rects>
        <_>
          8 1 2 15 -1.</_>
        <_>
          8 6 2 5 3.</_></rects>
      <tilted>0</tilted></_>
    <_>
      <rects>
        <_>
          8 6 1 9 -1.</_>
        <_>
          8 9 1 3 3.</_></rects>
      <tilted>0</tilted></_>
    <_>
      <rects>
        <_>
          8 7 2 6 -1.</_>
        <_>
          8 9 2 2 3.</_></rects>
      <tilted>0</tilted></_>
    <_>
      <rects>
        <_>
          8 10 9 12 -1.</_>
        <_>
          8 14 9 4 3.</_></rects>
      <tilted>0</tilted></_>
    <_>
      <rects>
        <_>
          8 11 4 4 -1.</_>
        <_>
          10 11 2 4 2.</_></rects>
      <tilted>0</tilted></_>
    <_>
      <rects>
        <_>
          8 12 2 8 -1.</_>
        <_>
          8 12 1 4 2.</_>
        <_>
          9 16 1 4 2.</_></rects>
      <tilted>0</tilted></_>
    <_>
      <rects>
        <_>
          8 13 9 6 -1.</_>
        <_>
          8 15 9 2 3.</_></rects>
      <tilted>0</tilted></_>
    <_>
      <rects>
        <_>
          8 18 3 4 -1.</_>
        <_>
          8 20 3 2 2.</_></rects>
      <tilted>0</tilted></_>
    <_>
      <rects>
        <_>
          8 18 9 14 -1.</_>
        <_>
          11 18 3 14 3.</_></rects>
      <tilted>0</tilted></_>
    <_>
      <rects>
        <_>
          8 24 2 8 -1.</_>
        <_>
          8 24 1 4 2.</_>
        <_>
          9 28 1 4 2.</_></rects>
      <tilted>0</tilted></_>
    <_>
      <rects>
        <_>
          9 0 3 6 -1.</_>
        <_>
          9 3 3 3 2.</_></rects>
      <tilted>0</tilted></_>
    <_>
      <rects>
        <_>
          9 0 8 8 -1.</_>
        <_>
          9 0 4 4 2.</_>
        <_>
          13 4 4 4 2.</_></rects>
      <tilted>0</tilted></_>
    <_>
      <rects>
        <_>
          9 0 8 28 -1.</_>
        <_>
          13 0 4 28 2.</_></rects>
      <tilted>0</tilted></_>
    <_>
      <rects>
        <_>
          9 12 1 8 -1.</_>
        <_>
          9 16 1 4 2.</_></rects>
      <tilted>0</tilted></_>
    <_>
      <rects>
        <_>
          9 12 4 16 -1.</_>
        <_>
          9 12 2 8 2.</_>
        <_>
          11 20 2 8 2.</_></rects>
      <tilted>0</tilted></_>
    <_>
      <rects>
        <_>
          9 14 2 18 -1.</_>
        <_>
          9 20 2 6 3.</_></rects>
      <tilted>0</tilted></_>
    <_>
      <rects>
        <_>
          9 14 8 7 -1.</_>
        <_>
          13 14 4 7 2.</_></rects>
      <tilted>0</tilted></_>
    <_>
      <rects>
        <_>
          9 15 8 4 -1.</_>
        <_>
          9 15 4 2 2.</_>
        <_>
          13 17 4 2 2.</_></rects>
      <tilted>0</tilted></_>
    <_>
      <rects>
        <_>
          9 22 4 6 -1.</_>
        <_>
          9 22 2 3 2.</_>
        <_>
          11 25 2 3 2.</_></rects>
      <tilted>0</tilted></_>
    <_>
      <rects>
        <_>
          9 24 6 6 -1.</_>
        <_>
          9 24 3 3 2.</_>
        <_>
          12 27 3 3 2.</_></rects>
      <tilted>0</tilted></_>
    <_>
      <rects>
        <_>
          10 0 1 20 -1.</_>
        <_>
          10 10 1 10 2.</_></rects>
      <tilted>0</tilted></_>
    <_>
      <rects>
        <_>
          10 0 4 14 -1.</_>
        <_>
          10 7 4 7 2.</_></rects>
      <tilted>0</tilted></_>
    <_>
      <rects>
        <_>
          10 1 2 22 -1.</_>
        <_>
          10 12 2 11 2.</_></rects>
      <tilted>0</tilted></_>
    <_>
      <rects>
        <_>
          10 6 3 5 -1.</_>
        <_>
          11 6 1 5 3.</_></rects>
      <tilted>0</tilted></_>
    <_>
      <rects>
        <_>
          10 6 2 10 -1.</_>
        <_>
          10 6 1 5 2.</_>
        <_>
          11 11 1 5 2.</_></rects>
      <tilted>0</tilted></_>
    <_>
      <rects>
        <_>
          10 13 6 9 -1.</_>
        <_>
          13 13 3 9 2.</_></rects>
      <tilted>0</tilted></_>
    <_>
      <rects>
        <_>
          10 21 1 2 -1.</_>
        <_>
          10 22 1 1 2.</_></rects>
      <tilted>0</tilted></_>
    <_>
      <rects>
        <_>
          10 28 2 4 -1.</_>
        <_>
          10 28 1 2 2.</_>
        <_>
          11 30 1 2 2.</_></rects>
      <tilted>0</tilted></_>
    <_>
      <rects>
        <_>
          11 0 6 1 -1.</_>
        <_>
          14 0 3 1 2.</_></rects>
      <tilted>0</tilted></_>
    <_>
      <rects>
        <_>
          11 0 6 32 -1.</_>
        <_>
          11 0 3 16 2.</_>
        <_>
          14 16 3 16 2.</_></rects>
      <tilted>0</tilted></_>
    <_>
      <rects>
        <_>
          11 0 6 6 -1.</_>
        <_>
          11 2 6 2 3.</_></rects>
      <tilted>0</tilted></_>
    <_>
      <rects>
        <_>
          11 3 6 8 -1.</_>
        <_>
          14 3 3 8 2.</_></rects>
      <tilted>0</tilted></_>
    <_>
      <rects>
        <_>
          11 12 6 9 -1.</_>
        <_>
          14 12 3 9 2.</_></rects>
      <tilted>0</tilted></_>
    <_>
      <rects>
        <_>
          11 28 2 3 -1.</_>
        <_>
          12 28 1 3 2.</_></rects>
      <tilted>0</tilted></_>
    <_>
      <rects>
        <_>
          12 0 5 2 -1.</_>
        <_>
          12 1 5 1 2.</_></rects>
      <tilted>0</tilted></_>
    <_>
      <rects>
        <_>
          12 4 2 12 -1.</_>
        <_>
          12 10 2 6 2.</_></rects>
      <tilted>0</tilted></_>
    <_>
      <rects>
        <_>
          12 14 4 7 -1.</_>
        <_>
          14 14 2 7 2.</_></rects>
      <tilted>0</tilted></_>
    <_>
      <rects>
        <_>
          12 20 4 12 -1.</_>
        <_>
          14 20 2 12 2.</_></rects>
      <tilted>0</tilted></_>
    <_>
      <rects>
        <_>
          12 28 2 4 -1.</_>
        <_>
          12 30 2 2 2.</_></rects>
      <tilted>0</tilted></_>
    <_>
      <rects>
        <_>
          12 31 4 1 -1.</_>
        <_>
          14 31 2 1 2.</_></rects>
      <tilted>0</tilted></_>
    <_>
      <rects>
        <_>
          13 5 1 10 -1.</_>
        <_>
          13 10 1 5 2.</_></rects>
      <tilted>0</tilted></_>
    <_>
      <rects>
        <_>
          13 8 3 4 -1.</_>
        <_>
          13 10 3 2 2.</_></rects>
      <tilted>0</tilted></_>
    <_>
      <rects>
        <_>
          13 11 4 12 -1.</_>
        <_>
          13 15 4 4 3.</_></rects>
      <tilted>0</tilted></_>
    <_>
      <rects>
        <_>
          13 20 4 6 -1.</_>
        <_>
          13 22 4 2 3.</_></rects>
      <tilted>0</tilted></_>
    <_>
      <rects>
        <_>
          13 24 4 7 -1.</_>
        <_>
          15 24 2 7 2.</_></rects>
      <tilted>0</tilted></_>
    <_>
      <rects>
        <_>
          13 24 4 8 -1.</_>
        <_>
          15 24 2 8 2.</_></rects>
      <tilted>0</tilted></_>
    <_>
      <rects>
        <_>
          13 31 2 1 -1.</_>
        <_>
          14 31 1 1 2.</_></rects>
      <tilted>0</tilted></_>
    <_>
      <rects>
        <_>
          14 3 2 2 -1.</_>
        <_>
          15 3 1 2 2.</_></rects>
      <tilted>0</tilted></_>
    <_>
      <rects>
        <_>
          14 9 2 6 -1.</_>
        <_>
          14 9 1 3 2.</_>
        <_>
          15 12 1 3 2.</_></rects>
      <tilted>0</tilted></_>
    <_>
      <rects>
        <_>
          14 15 2 2 -1.</_>
        <_>
          15 15 1 2 2.</_></rects>
      <tilted>0</tilted></_>
    <_>
      <rects>
        <_>
          14 16 2 1 -1.</_>
        <_>
          15 16 1 1 2.</_></rects>
      <tilted>0</tilted></_>
    <_>
      <rects>
        <_>
          15 0 2 10 -1.</_>
        <_>
          16 0 1 10 2.</_></rects>
      <tilted>0</tilted></_>
    <_>
      <rects>
        <_>
          15 0 2 11 -1.</_>
        <_>
          16 0 1 11 2.</_></rects>
      <tilted>0</tilted></_>
    <_>
      <rects>
        <_>
          15 0 2 32 -1.</_>
        <_>
          16 0 1 32 2.</_></rects>
      <tilted>0</tilted></_>
    <_>
      <rects>
        <_>
          15 3 2 18 -1.</_>
        <_>
          16 3 1 18 2.</_></rects>
      <tilted>0</tilted></_>
    <_>
      <rects>
        <_>
          15 5 2 27 -1.</_>
        <_>
          15 14 2 9 3.</_></rects>
      <tilted>0</tilted></_>
    <_>
      <rects>
        <_>
          15 8 2 21 -1.</_>
        <_>
          16 8 1 21 2.</_></rects>
      <tilted>0</tilted></_>
    <_>
      <rects>
        <_>
          15 18 2 9 -1.</_>
        <_>
          15 21 2 3 3.</_></rects>
      <tilted>0</tilted></_>
    <_>
      <rects>
        <_>
          15 24 2 2 -1.</_>
        <_>
          16 24 1 2 2.</_></rects>
      <tilted>0</tilted></_>
    <_>
      <rects>
        <_>
          16 0 1 2 -1.</_>
        <_>
          16 1 1 1 2.</_></rects>
      <tilted>0</tilted></_>
    <_>
      <rects>
        <_>
          16 19 1 12 -1.</_>
        <_>
          16 25 1 6 2.</_></rects>
      <tilted>0</tilted></_></features></cascade>
</opencv_storage>
